Mac_kodu,TFF_mac_linki,Ev_sahibi,Ev_sahibi_gol,Misafir_takim,Misafir_takim_gol,Stat,Ana_hakem,Tarih_saat
1004,https://www.tff.org/Default.aspx?pageId=29&macId=218975,ÇAYKUR RİZESPOR A.Ş.,1,FENERBAHÇE A.Ş.,2,ÇAYKUR DİDİ - RİZE,ARDA KARDEŞLER,11.09.2020 - 20:00
1002,https://www.tff.org/Default.aspx?pageId=29&macId=218973,DEMİR GRUP SİVASSPOR,0,ALANYASPOR,2,YENİ 4 EYLÜL STADI - SİVAS,ALİ PALABIYIK,12.09.2020 - 17:00
1007,https://www.tff.org/Default.aspx?pageId=29&macId=218978,FATİH KARAGÜMRÜK A.Ş.,3,YENİ MALATYASPOR,0,ATATÜRK OLİMPİYAT - İSTANBUL,ABDULKADİR BİTİGEN,12.09.2020 - 17:00
1006,https://www.tff.org/Default.aspx?pageId=29&macId=218977,GALATASARAY A.Ş.,3,GAZİANTEP FUTBOL KULÜBÜ A.Ş.,1,ALİ SAMİ YEN SPOR KOMPLEKSİ TÜRK TELEKOM STADYUMU ,BAHATTİN ŞİMŞEK,12.09.2020 - 20:00
1008,https://www.tff.org/Default.aspx?pageId=29&macId=218979,GÖZTEPE A.Ş.,5,YUKATEL DENİZLİSPOR,1,GÜRSEL AKSEL STADYUMU - İZMİR,TUGAY KAAN NUMANOĞLU,12.09.2020 - 20:00
1001,https://www.tff.org/Default.aspx?pageId=29&macId=218972,MKE ANKARAGÜCÜ,1,BÜYÜKŞEHİR BELEDİYE ERZURUMSPOR,2,ERYAMAN STADYUMU - ANKARA - ETİMESGUT,BURAK ŞEKER,13.09.2020 - 17:00
1003,https://www.tff.org/Default.aspx?pageId=29&macId=218974,HES KABLO KAYSERİSPOR,1,KASIMPAŞA A.Ş.,0,BÜYÜKŞEHİR BELEDİYESİ KADİR HAS - KAYSERİ,YAŞAR KEMAL UĞURLU,13.09.2020 - 17:00
1009,https://www.tff.org/Default.aspx?pageId=29&macId=218980,TRABZONSPOR A.Ş.,1,BEŞİKTAŞ A.Ş.,3,ŞENOL GÜNEŞ SPOR KOMPLEKSİ - TRABZON - TRABZON MER,ALİ ŞANSALAN,13.09.2020 - 20:00
1010,https://www.tff.org/Default.aspx?pageId=29&macId=218981,FRAPORT-TAV ANTALYASPOR,2,GENÇLERBİRLİĞİ,0,ANTALYA STADYUMU - ANTALYA,YASİN KOL,13.09.2020 - 20:00
1005,https://www.tff.org/Default.aspx?pageId=29&macId=218976,ATAKAŞ HATAYSPOR,2,MEDİPOL BAŞAKŞEHİR FK,0,KALYON STADYUMU - GAZİANTEP,METE KALKAVAN,14.09.2020 - 20:00
1015,https://www.tff.org/Default.aspx?pageId=29&macId=218986,YENİ MALATYASPOR,1,GÖZTEPE A.Ş.,1,YENİ MALATYA STADYUMU - MALATYA - MALATYA MERKEZ,CÜNEYT ÇAKIR,18.09.2020 - 20:00
1012,https://www.tff.org/Default.aspx?pageId=29&macId=218983,GENÇLERBİRLİĞİ,0,İTTİFAK HOLDİNG KONYASPOR,0,ERYAMAN STADYUMU - ANKARA - ETİMESGUT,MUSTAFA ÖĞRETMENOĞLU,19.09.2020 - 13:30
1014,https://www.tff.org/Default.aspx?pageId=29&macId=218985,YUKATEL DENİZLİSPOR,0,TRABZONSPOR A.Ş.,0,DENİZLİ ATATÜRK STADI - DENİZLİ,VOLKAN BAYARSLAN,19.09.2020 - 16:00
1013,https://www.tff.org/Default.aspx?pageId=29&macId=218984,BEŞİKTAŞ A.Ş.,1,FRAPORT-TAV ANTALYASPOR,1,VODAFONE PARK - İSTANBUL - BEŞİKTAŞ,HALİL UMUT MELER,19.09.2020 - 19:00
1020,https://www.tff.org/Default.aspx?pageId=29&macId=218991,AYTEMİZ ALANYASPOR,2,HES KABLO KAYSERİSPOR,0,BAHÇEŞEHİR OKULLARI STADYUMU - ANTALYA - ALANYA,ERKAN ÖZDAMAR,19.09.2020 - 19:00
1011,https://www.tff.org/Default.aspx?pageId=29&macId=218982,BÜYÜKŞEHİR BELEDİYE ERZURUMSPOR,1,DEMİR GRUP SİVASSPOR,2,ERZURUM KAZIM KARABEKİR - ERZURUM,SERKAN TOKAT,20.09.2020 - 13:30
1019,https://www.tff.org/Default.aspx?pageId=29&macId=218990,KASIMPAŞA A.Ş.,2,ÇAYKUR RİZESPOR A.Ş.,0,RECEP TAYYİP ERDOĞAN STADYUMU - İSTANBUL,SUAT ARSLANBOĞA,20.09.2020 - 16:00
1016,https://www.tff.org/Default.aspx?pageId=29&macId=218987,GAZİANTEP FUTBOL KULÜBÜ A.Ş.,2,FATİH KARAGÜMRÜK A.Ş.,2,KALYON STADYUMU - GAZİANTEP,ALPER ULUSOY,20.09.2020 - 19:00
1017,https://www.tff.org/Default.aspx?pageId=29&macId=218988,MEDİPOL BAŞAKŞEHİR FK,0,GALATASARAY A.Ş.,2,BAŞAKŞEHİR FATİH TERİM - İSTANBUL - BAŞAKŞEHİR,ATİLLA KARAOĞLAN,20.09.2020 - 19:00
1018,https://www.tff.org/Default.aspx?pageId=29&macId=218989,FENERBAHÇE A.Ş.,0,ATAKAŞ HATAYSPOR,0,ÜLKER STADYUMU FB ŞÜKRÜ SARACOĞLU SPOR KOMPLEKSİ -,ÜMİT ÖZTÜRK,21.09.2020 - 20:00
1026,https://www.tff.org/Default.aspx?pageId=29&macId=218997,FATİH KARAGÜMRÜK A.Ş.,2,MEDİPOL BAŞAKŞEHİR FK,0,ATATÜRK OLİMPİYAT - İSTANBUL,ALİ ŞANSALAN,25.09.2020 - 20:00
1021,https://www.tff.org/Default.aspx?pageId=29&macId=218992,HES KABLO KAYSERİSPOR,1,BÜYÜKŞEHİR BELEDİYE ERZURUMSPOR,3,BÜYÜKŞEHİR BELEDİYESİ KADİR HAS - KAYSERİ,TUGAY KAAN NUMANOĞLU,26.09.2020 - 13:30
1024,https://www.tff.org/Default.aspx?pageId=29&macId=218995,ATAKAŞ HATAYSPOR,1,KASIMPAŞA A.Ş.,0,ANTAKYA ATATÜRK STADI - HATAY,HÜSEYİN GÖÇEK,26.09.2020 - 16:00
1027,https://www.tff.org/Default.aspx?pageId=29&macId=218998,GÖZTEPE A.Ş.,2,GAZİANTEP FUTBOL KULÜBÜ A.Ş.,2,GÜRSEL AKSEL STADYUMU - İZMİR,YASİN KOL,26.09.2020 - 16:00
1028,https://www.tff.org/Default.aspx?pageId=29&macId=218999,TRABZONSPOR A.Ş.,3,YENİ MALATYASPOR,1,ŞENOL GÜNEŞ SPOR KOMPLEKSİ - TRABZON - TRABZON MER,ÖZGÜR YANKAYA,26.09.2020 - 19:00
1023,https://www.tff.org/Default.aspx?pageId=29&macId=218994,ÇAYKUR RİZESPOR A.Ş.,1,AYTEMİZ ALANYASPOR,1,ÇAYKUR DİDİ - RİZE,FIRAT AYDINUS,27.09.2020 - 13:30
1022,https://www.tff.org/Default.aspx?pageId=29&macId=218993,DEMİR GRUP SİVASSPOR,0,MKE ANKARAGÜCÜ,0,YENİ 4 EYLÜL STADI - SİVAS,ARDA KARDEŞLER,27.09.2020 - 16:00
1030,https://www.tff.org/Default.aspx?pageId=29&macId=219001,İTTİFAK HOLDİNG KONYASPOR,4,BEŞİKTAŞ A.Ş.,1,KONYA BÜYÜKŞEHİR BELEDİYE STADYUMU - KONYA,ABDULKADİR BİTİGEN,27.09.2020 - 16:00
1025,https://www.tff.org/Default.aspx?pageId=29&macId=218996,GALATASARAY A.Ş.,0,FENERBAHÇE A.Ş.,0,ALİ SAMİ YEN SPOR KOMPLEKSİ TÜRK TELEKOM STADYUMU ,ALİ PALABIYIK,27.09.2020 - 19:00
1029,https://www.tff.org/Default.aspx?pageId=29&macId=219000,FRAPORT-TAV ANTALYASPOR,1,YUKATEL DENİZLİSPOR,0,ANTALYA STADYUMU - ANTALYA,HALİS ÖZKAHYA,28.09.2020 - 20:00
1032,https://www.tff.org/Default.aspx?pageId=29&macId=219003,MKE ANKARAGÜCÜ,0,HES KABLO KAYSERİSPOR,1,ERYAMAN STADYUMU - ANKARA - ETİMESGUT,BAHATTİN ŞİMŞEK,2.10.2020 - 20:00
1037,https://www.tff.org/Default.aspx?pageId=29&macId=219008,GAZİANTEP FUTBOL KULÜBÜ A.Ş.,1,TRABZONSPOR A.Ş.,1,KALYON STADYUMU - GAZİANTEP,FIRAT AYDINUS,2.10.2020 - 20:00
1038,https://www.tff.org/Default.aspx?pageId=29&macId=219009,YENİ MALATYASPOR,1,FRAPORT-TAV ANTALYASPOR,0,YENİ MALATYA STADYUMU - MALATYA - MALATYA MERKEZ,ALPER ULUSOY,3.10.2020 - 13:30
1031,https://www.tff.org/Default.aspx?pageId=29&macId=219002,BÜYÜKŞEHİR BELEDİYE ERZURUMSPOR,0,ÇAYKUR RİZESPOR A.Ş.,0,ERZURUM KAZIM KARABEKİR - ERZURUM,ÜMİT ÖZTÜRK,3.10.2020 - 16:00
1036,https://www.tff.org/Default.aspx?pageId=29&macId=219007,MEDİPOL BAŞAKŞEHİR FK,0,GÖZTEPE A.Ş.,0,BAŞAKŞEHİR FATİH TERİM - İSTANBUL - BAŞAKŞEHİR,ÖZGÜR YANKAYA,3.10.2020 - 16:00
1035,https://www.tff.org/Default.aspx?pageId=29&macId=219006,FENERBAHÇE A.Ş.,2,FATİH KARAGÜMRÜK A.Ş.,1,ÜLKER STADYUMU FB ŞÜKRÜ SARACOĞLU SPOR KOMPLEKSİ -,YAŞAR KEMAL UĞURLU,3.10.2020 - 19:00
1039,https://www.tff.org/Default.aspx?pageId=29&macId=219010,YUKATEL DENİZLİSPOR,0,İTTİFAK HOLDİNG KONYASPOR,0,DENİZLİ ATATÜRK STADI - DENİZLİ,HÜSEYİN GÖÇEK,4.10.2020 - 13:30
1033,https://www.tff.org/Default.aspx?pageId=29&macId=219004,AYTEMİZ ALANYASPOR,6,ATAKAŞ HATAYSPOR,0,BAHÇEŞEHİR OKULLARI STADYUMU - ANTALYA - ALANYA,ATİLLA KARAOĞLAN,4.10.2020 - 16:00
1040,https://www.tff.org/Default.aspx?pageId=29&macId=219011,BEŞİKTAŞ A.Ş.,0,GENÇLERBİRLİĞİ,1,VODAFONE PARK - İSTANBUL - BEŞİKTAŞ,METE KALKAVAN,4.10.2020 - 16:00
1034,https://www.tff.org/Default.aspx?pageId=29&macId=219005,KASIMPAŞA A.Ş.,1,GALATASARAY A.Ş.,0,RECEP TAYYİP ERDOĞAN STADYUMU - İSTANBUL,CÜNEYT ÇAKIR,4.10.2020 - 19:00
1042,https://www.tff.org/Default.aspx?pageId=29&macId=219013,ÇAYKUR RİZESPOR A.Ş.,5,MKE ANKARAGÜCÜ,3,ÇAYKUR DİDİ - RİZE,ABDULKADİR BİTİGEN,17.10.2020 - 13:30
1043,https://www.tff.org/Default.aspx?pageId=29&macId=219014,HES KABLO KAYSERİSPOR,1,DEMİR GRUP SİVASSPOR,3,BÜYÜKŞEHİR BELEDİYESİ KADİR HAS - KAYSERİ,HALİL UMUT MELER,17.10.2020 - 16:00
1049,https://www.tff.org/Default.aspx?pageId=29&macId=219020,İTTİFAK HOLDİNG KONYASPOR,1,YENİ MALATYASPOR,1,MEDAŞ KONYA BÜYÜKŞEHİR STADYUMU - KONYA,TURGUT DOMAN,17.10.2020 - 16:00
1047,https://www.tff.org/Default.aspx?pageId=29&macId=219018,TRABZONSPOR A.Ş.,0,MEDİPOL BAŞAKŞEHİR FK,2,ŞENOL GÜNEŞ SPOR KOMPLEKSİ - TRABZON - TRABZON MER,BAHATTİN ŞİMŞEK,17.10.2020 - 19:00
1045,https://www.tff.org/Default.aspx?pageId=29&macId=219016,FATİH KARAGÜMRÜK A.Ş.,1,KASIMPAŞA A.Ş.,1,ÜLKER STADYUMU FB ŞÜKRÜ SARACOĞLU SPOR KOMPLEKSİ -,ERKAN ÖZDAMAR,18.10.2020 - 16:00
1048,https://www.tff.org/Default.aspx?pageId=29&macId=219019,FRAPORT-TAV ANTALYASPOR,1,GAZİANTEP FUTBOL KULÜBÜ A.Ş.,1,ANTALYA STADYUMU - ANTALYA,KORAY GENÇERLER,18.10.2020 - 16:00
1046,https://www.tff.org/Default.aspx?pageId=29&macId=219017,GÖZTEPE A.Ş.,2,FENERBAHÇE A.Ş.,3,GÜRSEL AKSEL STADYUMU - İZMİR,ATİLLA KARAOĞLAN,18.10.2020 - 19:00
1044,https://www.tff.org/Default.aspx?pageId=29&macId=219015,GALATASARAY A.Ş.,1,AYTEMİZ ALANYASPOR,2,ALİ SAMİ YEN SPOR KOMPLEKSİ TÜRK TELEKOM STADYUMU ,TUGAY KAAN NUMANOĞLU,19.10.2020 - 20:00
1050,https://www.tff.org/Default.aspx?pageId=29&macId=219021,GENÇLERBİRLİĞİ,1,YUKATEL DENİZLİSPOR,2,ERYAMAN STADYUMU - ANKARA - ETİMESGUT,MERT GÜZENGE,19.10.2020 - 20:00
1421,https://www.tff.org/Default.aspx?pageId=29&macId=221601,ATAKAŞ HATAYSPOR,3,BÜYÜKŞEHİR BELEDİYE ERZURUMSPOR,0,ANTAKYA ATATÜRK STADI - HATAY,SARPER BARIŞ SAKA,9.12.2020 - 19:30
1055,https://www.tff.org/Default.aspx?pageId=29&macId=219026,KASIMPAŞA A.Ş.,0,GÖZTEPE A.Ş.,0,RECEP TAYYİP ERDOĞAN STADYUMU - İSTANBUL,BURAK ŞEKER,23.10.2020 - 20:00
1058,https://www.tff.org/Default.aspx?pageId=29&macId=219029,GAZİANTEP FUTBOL KULÜBÜ A.Ş.,1,İTTİFAK HOLDİNG KONYASPOR,0,KALYON STADYUMU - GAZİANTEP,ÖZGÜR YANKAYA,24.10.2020 - 16:00
1051,https://www.tff.org/Default.aspx?pageId=29&macId=219022,BÜYÜKŞEHİR BELEDİYE ERZURUMSPOR,1,GALATASARAY A.Ş.,2,ERZURUM KAZIM KARABEKİR - ERZURUM,ARDA KARDEŞLER,24.10.2020 - 19:00
1057,https://www.tff.org/Default.aspx?pageId=29&macId=219028,MEDİPOL BAŞAKŞEHİR FK,5,FRAPORT-TAV ANTALYASPOR,1,BAŞAKŞEHİR FATİH TERİM - İSTANBUL - BAŞAKŞEHİR,ALİ PALABIYIK,24.10.2020 - 19:00
1059,https://www.tff.org/Default.aspx?pageId=29&macId=219030,YENİ MALATYASPOR,2,GENÇLERBİRLİĞİ,1,YENİ MALATYA STADYUMU - MALATYA - MALATYA MERKEZ,HALİS ÖZKAHYA,25.10.2020 - 13:30
1054,https://www.tff.org/Default.aspx?pageId=29&macId=219025,AYTEMİZ ALANYASPOR,2,FATİH KARAGÜMRÜK A.Ş.,0,BAHÇEŞEHİR OKULLARI STADYUMU - ANTALYA - ALANYA,METE KALKAVAN,25.10.2020 - 16:00
1056,https://www.tff.org/Default.aspx?pageId=29&macId=219027,FENERBAHÇE A.Ş.,3,TRABZONSPOR A.Ş.,1,ÜLKER STADYUMU FB ŞÜKRÜ SARACOĞLU SPOR KOMPLEKSİ -,CÜNEYT ÇAKIR,25.10.2020 - 19:00
1053,https://www.tff.org/Default.aspx?pageId=29&macId=219024,DEMİR GRUP SİVASSPOR,0,ÇAYKUR RİZESPOR A.Ş.,2,YENİ 4 EYLÜL STADI - SİVAS,YAŞAR KEMAL UĞURLU,26.10.2020 - 20:00
1060,https://www.tff.org/Default.aspx?pageId=29&macId=219031,YUKATEL DENİZLİSPOR,2,BEŞİKTAŞ A.Ş.,3,DENİZLİ ATATÜRK STADI - DENİZLİ,ALPER ULUSOY,26.10.2020 - 20:00
1052,https://www.tff.org/Default.aspx?pageId=29&macId=219023,MKE ANKARAGÜCÜ,2,ATAKAŞ HATAYSPOR,0,ERYAMAN STADYUMU - ANKARA - ETİMESGUT,HÜSEYİN GÖÇEK,15.12.2020 - 16:00
1061,https://www.tff.org/Default.aspx?pageId=29&macId=219032,FATİH KARAGÜMRÜK A.Ş.,5,BÜYÜKŞEHİR BELEDİYE ERZURUMSPOR,1,ESENYURT NECMİ KADIOĞLU STADI - İSTANBUL - ESENYUR,FIRAT AYDINUS,30.10.2020 - 20:00
1066,https://www.tff.org/Default.aspx?pageId=29&macId=219037,TRABZONSPOR A.Ş.,3,KASIMPAŞA A.Ş.,4,ŞENOL GÜNEŞ SPOR KOMPLEKSİ - TRABZON - TRABZON MER,TUGAY KAAN NUMANOĞLU,30.10.2020 - 20:00
1069,https://www.tff.org/Default.aspx?pageId=29&macId=219040,GENÇLERBİRLİĞİ,1,GAZİANTEP FUTBOL KULÜBÜ A.Ş.,1,ERYAMAN STADYUMU - ANKARA - ETİMESGUT,TURGUT DOMAN,31.10.2020 - 13:30
1062,https://www.tff.org/Default.aspx?pageId=29&macId=219033,GALATASARAY A.Ş.,1,MKE ANKARAGÜCÜ,0,ALİ SAMİ YEN SPOR KOMPLEKSİ TÜRK TELEKOM STADYUMU ,ALİ ŞANSALAN,31.10.2020 - 19:00
1064,https://www.tff.org/Default.aspx?pageId=29&macId=219035,ÇAYKUR RİZESPOR A.Ş.,1,HES KABLO KAYSERİSPOR,0,ÇAYKUR DİDİ - RİZE,KORAY GENÇERLER,1.11.2020 - 13:30
1068,https://www.tff.org/Default.aspx?pageId=29&macId=219039,İTTİFAK HOLDİNG KONYASPOR,1,MEDİPOL BAŞAKŞEHİR FK,2,MEDAŞ KONYA BÜYÜKŞEHİR STADYUMU - KONYA,HALİL UMUT MELER,1.11.2020 - 16:00
1070,https://www.tff.org/Default.aspx?pageId=29&macId=219041,BEŞİKTAŞ A.Ş.,1,YENİ MALATYASPOR,0,VODAFONE PARK - İSTANBUL - BEŞİKTAŞ,ATİLLA KARAOĞLAN,1.11.2020 - 19:00
1063,https://www.tff.org/Default.aspx?pageId=29&macId=219034,ATAKAŞ HATAYSPOR,1,DEMİR GRUP SİVASSPOR,1,ANTAKYA ATATÜRK STADI - HATAY,YASİN KOL,2.11.2020 - 20:00
1067,https://www.tff.org/Default.aspx?pageId=29&macId=219038,FRAPORT-TAV ANTALYASPOR,1,FENERBAHÇE A.Ş.,2,ANTALYA STADYUMU - ANTALYA,BAHATTİN ŞİMŞEK,2.11.2020 - 20:00
1422,https://www.tff.org/Default.aspx?pageId=29&macId=221602,GÖZTEPE A.Ş.,1,AYTEMİZ ALANYASPOR,0,GÜRSEL AKSEL STADYUMU - İZMİR,ALİ ŞANSALAN,9.12.2020 - 18:30
1079,https://www.tff.org/Default.aspx?pageId=29&macId=219050,GAZİANTEP FUTBOL KULÜBÜ A.Ş.,3,BEŞİKTAŞ A.Ş.,1,KALYON STADYUMU - GAZİANTEP,YAŞAR KEMAL UĞURLU,6.11.2020 - 20:00
1076,https://www.tff.org/Default.aspx?pageId=29&macId=219047,KASIMPAŞA A.Ş.,2,FRAPORT-TAV ANTALYASPOR,2,RECEP TAYYİP ERDOĞAN STADYUMU - İSTANBUL,SERKAN TOKAT,7.11.2020 - 13:30
1071,https://www.tff.org/Default.aspx?pageId=29&macId=219042,BÜYÜKŞEHİR BELEDİYE ERZURUMSPOR,1,GÖZTEPE A.Ş.,1,ERZURUM KAZIM KARABEKİR - ERZURUM,CÜNEYT ÇAKIR,7.11.2020 - 16:00
1075,https://www.tff.org/Default.aspx?pageId=29&macId=219046,AYTEMİZ ALANYASPOR,1,TRABZONSPOR A.Ş.,1,BAHÇEŞEHİR OKULLARI STADYUMU - ANTALYA - ALANYA,ALİ PALABIYIK,7.11.2020 - 16:00
1077,https://www.tff.org/Default.aspx?pageId=29&macId=219048,FENERBAHÇE A.Ş.,0,İTTİFAK HOLDİNG KONYASPOR,2,ÜLKER STADYUMU FB ŞÜKRÜ SARACOĞLU SPOR KOMPLEKSİ -,ALİ ŞANSALAN,7.11.2020 - 19:00
1072,https://www.tff.org/Default.aspx?pageId=29&macId=219043,MKE ANKARAGÜCÜ,2,FATİH KARAGÜMRÜK A.Ş.,2,ERYAMAN STADYUMU - ANKARA - ETİMESGUT,SUAT ARSLANBOĞA,8.11.2020 - 13:30
1080,https://www.tff.org/Default.aspx?pageId=29&macId=219051,YENİ MALATYASPOR,2,YUKATEL DENİZLİSPOR,0,YENİ MALATYA STADYUMU - MALATYA - MALATYA MERKEZ,METE KALKAVAN,8.11.2020 - 13:30
1074,https://www.tff.org/Default.aspx?pageId=29&macId=219045,HES KABLO KAYSERİSPOR,0,ATAKAŞ HATAYSPOR,1,BÜYÜKŞEHİR BELEDİYESİ KADİR HAS - KAYSERİ,VOLKAN BAYARSLAN,8.11.2020 - 16:00
1078,https://www.tff.org/Default.aspx?pageId=29&macId=219049,MEDİPOL BAŞAKŞEHİR FK,2,GENÇLERBİRLİĞİ,1,BAŞAKŞEHİR FATİH TERİM - İSTANBUL - BAŞAKŞEHİR,MUSTAFA ÖĞRETMENOĞLU,8.11.2020 - 16:00
1073,https://www.tff.org/Default.aspx?pageId=29&macId=219044,DEMİR GRUP SİVASSPOR,1,GALATASARAY A.Ş.,2,YENİ 4 EYLÜL STADI - SİVAS,ABDULKADİR BİTİGEN,8.11.2020 - 19:00
1083,https://www.tff.org/Default.aspx?pageId=29&macId=219054,FATİH KARAGÜMRÜK A.Ş.,1,DEMİR GRUP SİVASSPOR,1,RECEP TAYYİP ERDOĞAN STADYUMU - İSTANBUL,HÜSEYİN GÖÇEK,21.11.2020 - 13:30
1088,https://www.tff.org/Default.aspx?pageId=29&macId=219059,GENÇLERBİRLİĞİ,1,FENERBAHÇE A.Ş.,5,ERYAMAN STADYUMU - ANKARA - ETİMESGUT,HALİL UMUT MELER,21.11.2020 - 16:00
1090,https://www.tff.org/Default.aspx?pageId=29&macId=219061,YUKATEL DENİZLİSPOR,0,GAZİANTEP FUTBOL KULÜBÜ A.Ş.,1,DENİZLİ ATATÜRK STADI - DENİZLİ,ATİLLA KARAOĞLAN,21.11.2020 - 16:00
1089,https://www.tff.org/Default.aspx?pageId=29&macId=219060,BEŞİKTAŞ A.Ş.,3,MEDİPOL BAŞAKŞEHİR FK,2,VODAFONE PARK - İSTANBUL - BEŞİKTAŞ,ÜMİT ÖZTÜRK,21.11.2020 - 19:00
1085,https://www.tff.org/Default.aspx?pageId=29&macId=219056,ATAKAŞ HATAYSPOR,2,ÇAYKUR RİZESPOR A.Ş.,2,ANTAKYA ATATÜRK STADI - HATAY,HALİS ÖZKAHYA,22.11.2020 - 13:30
1082,https://www.tff.org/Default.aspx?pageId=29&macId=219053,GÖZTEPE A.Ş.,3,MKE ANKARAGÜCÜ,1,GÜRSEL AKSEL STADYUMU - İZMİR,FIRAT AYDINUS,22.11.2020 - 16:00
1087,https://www.tff.org/Default.aspx?pageId=29&macId=219058,İTTİFAK HOLDİNG KONYASPOR,2,KASIMPAŞA A.Ş.,1,MEDAŞ KONYA BÜYÜKŞEHİR STADYUMU - KONYA,YASİN KOL,22.11.2020 - 16:00
1081,https://www.tff.org/Default.aspx?pageId=29&macId=219052,TRABZONSPOR A.Ş.,1,BÜYÜKŞEHİR BELEDİYE ERZURUMSPOR,0,ŞENOL GÜNEŞ SPOR KOMPLEKSİ - TRABZON - TRABZON MER,ERKAN ÖZDAMAR,22.11.2020 - 19:00
1086,https://www.tff.org/Default.aspx?pageId=29&macId=219057,FRAPORT-TAV ANTALYASPOR,0,AYTEMİZ ALANYASPOR,2,ANTALYA STADYUMU - ANTALYA,ÖZGÜR YANKAYA,22.11.2020 - 19:00
1084,https://www.tff.org/Default.aspx?pageId=29&macId=219055,GALATASARAY A.Ş.,1,HES KABLO KAYSERİSPOR,1,ALİ SAMİ YEN SPOR KOMPLEKSİ TÜRK TELEKOM STADYUMU ,TURGUT DOMAN,23.11.2020 - 19:30
1092,https://www.tff.org/Default.aspx?pageId=29&macId=219063,MKE ANKARAGÜCÜ,0,TRABZONSPOR A.Ş.,1,ERYAMAN STADYUMU - ANKARA - ETİMESGUT,MUSTAFA ÖĞRETMENOĞLU,27.11.2020 - 19:30
1100,https://www.tff.org/Default.aspx?pageId=29&macId=219071,GAZİANTEP FUTBOL KULÜBÜ A.Ş.,2,YENİ MALATYASPOR,2,KALYON STADYUMU - GAZİANTEP,ALİ PALABIYIK,28.11.2020 - 13:30
1099,https://www.tff.org/Default.aspx?pageId=29&macId=219070,MEDİPOL BAŞAKŞEHİR FK,3,YUKATEL DENİZLİSPOR,3,BAŞAKŞEHİR FATİH TERİM - İSTANBUL - BAŞAKŞEHİR,ARDA KARDEŞLER,28.11.2020 - 16:00
1095,https://www.tff.org/Default.aspx?pageId=29&macId=219066,ÇAYKUR RİZESPOR A.Ş.,0,GALATASARAY A.Ş.,4,ÇAYKUR DİDİ - RİZE,ATİLLA KARAOĞLAN,28.11.2020 - 19:00
1091,https://www.tff.org/Default.aspx?pageId=29&macId=219062,BÜYÜKŞEHİR BELEDİYE ERZURUMSPOR,2,FRAPORT-TAV ANTALYASPOR,2,ERZURUM KAZIM KARABEKİR - ERZURUM,ALİ ŞANSALAN,29.11.2020 - 13:30
1096,https://www.tff.org/Default.aspx?pageId=29&macId=219067,AYTEMİZ ALANYASPOR,1,İTTİFAK HOLDİNG KONYASPOR,0,BAHÇEŞEHİR OKULLARI STADYUMU - ANTALYA - ALANYA,BAHATTİN ŞİMŞEK,29.11.2020 - 16:00
1097,https://www.tff.org/Default.aspx?pageId=29&macId=219068,KASIMPAŞA A.Ş.,2,GENÇLERBİRLİĞİ,0,RECEP TAYYİP ERDOĞAN STADYUMU - İSTANBUL,METE KALKAVAN,29.11.2020 - 16:04
1098,https://www.tff.org/Default.aspx?pageId=29&macId=219069,FENERBAHÇE A.Ş.,3,BEŞİKTAŞ A.Ş.,4,ÜLKER STADYUMU FB ŞÜKRÜ SARACOĞLU SPOR KOMPLEKSİ -,TUGAY KAAN NUMANOĞLU,29.11.2020 - 19:00
1093,https://www.tff.org/Default.aspx?pageId=29&macId=219064,DEMİR GRUP SİVASSPOR,0,GÖZTEPE A.Ş.,1,YENİ 4 EYLÜL STADI - SİVAS,SERKAN TOKAT,30.11.2020 - 19:30
1094,https://www.tff.org/Default.aspx?pageId=29&macId=219065,HES KABLO KAYSERİSPOR,0,FATİH KARAGÜMRÜK A.Ş.,0,BÜYÜKŞEHİR BELEDİYESİ KADİR HAS - KAYSERİ,ALPER ULUSOY,30.11.2020 - 19:30
1108,https://www.tff.org/Default.aspx?pageId=29&macId=219079,BEŞİKTAŞ A.Ş.,3,KASIMPAŞA A.Ş.,0,VODAFONE PARK - İSTANBUL - BEŞİKTAŞ,BAHATTİN ŞİMŞEK,4.12.2020 - 19:30
1104,https://www.tff.org/Default.aspx?pageId=29&macId=219075,GÖZTEPE A.Ş.,1,HES KABLO KAYSERİSPOR,1,GÜRSEL AKSEL STADYUMU - İZMİR,YAŞAR KEMAL UĞURLU,5.12.2020 - 13:30
1107,https://www.tff.org/Default.aspx?pageId=29&macId=219078,GENÇLERBİRLİĞİ,2,AYTEMİZ ALANYASPOR,1,ERYAMAN STADYUMU - ANKARA - ETİMESGUT,FIRAT AYDINUS,5.12.2020 - 13:30
1101,https://www.tff.org/Default.aspx?pageId=29&macId=219072,İTTİFAK HOLDİNG KONYASPOR,2,BÜYÜKŞEHİR BELEDİYE ERZURUMSPOR,0,MEDAŞ KONYA BÜYÜKŞEHİR STADYUMU - KONYA,HALİS ÖZKAHYA,5.12.2020 - 16:00
1110,https://www.tff.org/Default.aspx?pageId=29&macId=219081,YENİ MALATYASPOR,1,MEDİPOL BAŞAKŞEHİR FK,1,YENİ MALATYA STADYUMU - MALATYA - MALATYA MERKEZ,CÜNEYT ÇAKIR,5.12.2020 - 16:00
1106,https://www.tff.org/Default.aspx?pageId=29&macId=219077,GALATASARAY A.Ş.,3,ATAKAŞ HATAYSPOR,0,ALİ SAMİ YEN SPOR KOMPLEKSİ TÜRK TELEKOM STADYUMU ,ERKAN ÖZDAMAR,5.12.2020 - 19:00
1105,https://www.tff.org/Default.aspx?pageId=29&macId=219076,FATİH KARAGÜMRÜK A.Ş.,2,ÇAYKUR RİZESPOR A.Ş.,1,ESENYURT NECMİ KADIOĞLU STADI - İSTANBUL - ESENYUR,ÜMİT ÖZTÜRK,6.12.2020 - 13:30
1102,https://www.tff.org/Default.aspx?pageId=29&macId=219073,FRAPORT-TAV ANTALYASPOR,1,MKE ANKARAGÜCÜ,0,ANTALYA STADYUMU - ANTALYA,HALİL UMUT MELER,6.12.2020 - 16:00
1109,https://www.tff.org/Default.aspx?pageId=29&macId=219080,YUKATEL DENİZLİSPOR,0,FENERBAHÇE A.Ş.,2,DENİZLİ ATATÜRK STADI - DENİZLİ,ALİ PALABIYIK,6.12.2020 - 19:00
1103,https://www.tff.org/Default.aspx?pageId=29&macId=219074,TRABZONSPOR A.Ş.,1,DEMİR GRUP SİVASSPOR,1,ŞENOL GÜNEŞ SPOR KOMPLEKSİ - TRABZON - TRABZON MER,SUAT ARSLANBOĞA,7.12.2020 - 19:30
1118,https://www.tff.org/Default.aspx?pageId=29&macId=219089,KASIMPAŞA A.Ş.,3,YUKATEL DENİZLİSPOR,2,RECEP TAYYİP ERDOĞAN STADYUMU - İSTANBUL,RAMAZAN KELEŞ,11.12.2020 - 19:00
1116,https://www.tff.org/Default.aspx?pageId=29&macId=219087,ATAKAŞ HATAYSPOR,3,FATİH KARAGÜMRÜK A.Ş.,1,ANTAKYA ATATÜRK STADI - HATAY,TUGAY KAAN NUMANOĞLU,12.12.2020 - 13:30
1114,https://www.tff.org/Default.aspx?pageId=29&macId=219085,HES KABLO KAYSERİSPOR,0,TRABZONSPOR A.Ş.,0,BÜYÜKŞEHİR BELEDİYESİ KADİR HAS - KAYSERİ,BURAK ŞEKER,12.12.2020 - 16:00
1115,https://www.tff.org/Default.aspx?pageId=29&macId=219086,ÇAYKUR RİZESPOR A.Ş.,3,GÖZTEPE A.Ş.,2,ÇAYKUR DİDİ - RİZE,ÖZGÜR YANKAYA,12.12.2020 - 16:00
1112,https://www.tff.org/Default.aspx?pageId=29&macId=219083,MKE ANKARAGÜCÜ,4,İTTİFAK HOLDİNG KONYASPOR,3,ERYAMAN STADYUMU - ANKARA - ETİMESGUT,METE KALKAVAN,12.12.2020 - 19:00
1119,https://www.tff.org/Default.aspx?pageId=29&macId=219090,FENERBAHÇE A.Ş.,0,YENİ MALATYASPOR,3,ÜLKER STADYUMU FB ŞÜKRÜ SARACOĞLU SPOR KOMPLEKSİ -,ERKAN ÖZDAMAR,12.12.2020 - 19:00
1111,https://www.tff.org/Default.aspx?pageId=29&macId=219082,BÜYÜKŞEHİR BELEDİYE ERZURUMSPOR,0,GENÇLERBİRLİĞİ,1,ERZURUM KAZIM KARABEKİR - ERZURUM,ALPER ULUSOY,13.12.2020 - 13:30
1117,https://www.tff.org/Default.aspx?pageId=29&macId=219088,AYTEMİZ ALANYASPOR,2,BEŞİKTAŞ A.Ş.,1,BAHÇEŞEHİR OKULLARI STADYUMU - ANTALYA - ALANYA,ATİLLA KARAOĞLAN,13.12.2020 - 19:00
1120,https://www.tff.org/Default.aspx?pageId=29&macId=219091,MEDİPOL BAŞAKŞEHİR FK,1,GAZİANTEP FUTBOL KULÜBÜ A.Ş.,2,BAŞAKŞEHİR FATİH TERİM - İSTANBUL - BAŞAKŞEHİR,ABDULKADİR BİTİGEN,13.12.2020 - 19:00
1113,https://www.tff.org/Default.aspx?pageId=29&macId=219084,DEMİR GRUP SİVASSPOR,0,FRAPORT-TAV ANTALYASPOR,0,YENİ 4 EYLÜL STADI - SİVAS,HALİS ÖZKAHYA,14.12.2020 - 19:00
1127,https://www.tff.org/Default.aspx?pageId=29&macId=219098,FATİH KARAGÜMRÜK A.Ş.,2,GALATASARAY A.Ş.,1,ESENYURT NECMİ KADIOĞLU STADI - İSTANBUL - ESENYUR,MUSTAFA ÖĞRETMENOĞLU,18.12.2020 - 19:00
1126,https://www.tff.org/Default.aspx?pageId=29&macId=219097,GÖZTEPE A.Ş.,0,ATAKAŞ HATAYSPOR,1,GÜRSEL AKSEL STADYUMU - İZMİR,VOLKAN BAYARSLAN,19.12.2020 - 13:30
1125,https://www.tff.org/Default.aspx?pageId=29&macId=219096,TRABZONSPOR A.Ş.,2,ÇAYKUR RİZESPOR A.Ş.,1,ŞENOL GÜNEŞ SPOR KOMPLEKSİ - TRABZON - TRABZON MER,ALİ ŞANSALAN,19.12.2020 - 16:00
1129,https://www.tff.org/Default.aspx?pageId=29&macId=219100,YENİ MALATYASPOR,2,KASIMPAŞA A.Ş.,0,YENİ MALATYA STADYUMU - MALATYA - MALATYA MERKEZ,ARDA KARDEŞLER,19.12.2020 - 16:00
1130,https://www.tff.org/Default.aspx?pageId=29&macId=219101,GAZİANTEP FUTBOL KULÜBÜ A.Ş.,3,FENERBAHÇE A.Ş.,1,KALYON STADYUMU - GAZİANTEP,CÜNEYT ÇAKIR,19.12.2020 - 19:00
1122,https://www.tff.org/Default.aspx?pageId=29&macId=219093,GENÇLERBİRLİĞİ,1,MKE ANKARAGÜCÜ,1,ERYAMAN STADYUMU - ANKARA - ETİMESGUT,YAŞAR KEMAL UĞURLU,20.12.2020 - 13:30
1128,https://www.tff.org/Default.aspx?pageId=29&macId=219099,YUKATEL DENİZLİSPOR,1,AYTEMİZ ALANYASPOR,0,DENİZLİ ATATÜRK STADI - DENİZLİ,SUAT ARSLANBOĞA,20.12.2020 - 16:00
1121,https://www.tff.org/Default.aspx?pageId=29&macId=219092,BEŞİKTAŞ A.Ş.,4,BÜYÜKŞEHİR BELEDİYE ERZURUMSPOR,0,VODAFONE PARK - İSTANBUL - BEŞİKTAŞ,HALİL UMUT MELER,20.12.2020 - 19:00
1123,https://www.tff.org/Default.aspx?pageId=29&macId=219094,İTTİFAK HOLDİNG KONYASPOR,0,DEMİR GRUP SİVASSPOR,1,MEDAŞ KONYA BÜYÜKŞEHİR STADYUMU - KONYA,FIRAT AYDINUS,21.12.2020 - 19:00
1124,https://www.tff.org/Default.aspx?pageId=29&macId=219095,FRAPORT-TAV ANTALYASPOR,2,HES KABLO KAYSERİSPOR,0,ANTALYA STADYUMU - ANTALYA,ÜMİT ÖZTÜRK,21.12.2020 - 19:00
1136,https://www.tff.org/Default.aspx?pageId=29&macId=219107,ATAKAŞ HATAYSPOR,0,TRABZONSPOR A.Ş.,1,ANTAKYA ATATÜRK STADI - HATAY,ABDULKADİR BİTİGEN,22.12.2020 - 16:00
1137,https://www.tff.org/Default.aspx?pageId=29&macId=219108,GALATASARAY A.Ş.,3,GÖZTEPE A.Ş.,1,ALİ SAMİ YEN SPOR KOMPLEKSİ TÜRK TELEKOM STADYUMU ,METE KALKAVAN,22.12.2020 - 19:00
1131,https://www.tff.org/Default.aspx?pageId=29&macId=219102,BÜYÜKŞEHİR BELEDİYE ERZURUMSPOR,1,YUKATEL DENİZLİSPOR,2,ERZURUM KAZIM KARABEKİR - ERZURUM,HÜSEYİN GÖÇEK,23.12.2020 - 16:00
1138,https://www.tff.org/Default.aspx?pageId=29&macId=219109,AYTEMİZ ALANYASPOR,1,YENİ MALATYASPOR,1,BAHÇEŞEHİR OKULLARI STADYUMU - ANTALYA - ALANYA,ALPER ULUSOY,23.12.2020 - 16:00
1139,https://www.tff.org/Default.aspx?pageId=29&macId=219110,KASIMPAŞA A.Ş.,0,GAZİANTEP FUTBOL KULÜBÜ A.Ş.,4,RECEP TAYYİP ERDOĞAN STADYUMU - İSTANBUL,KORAY GENÇERLER,23.12.2020 - 19:00
1140,https://www.tff.org/Default.aspx?pageId=29&macId=219111,FENERBAHÇE A.Ş.,4,MEDİPOL BAŞAKŞEHİR FK,1,ÜLKER STADYUMU FB ŞÜKRÜ SARACOĞLU SPOR KOMPLEKSİ -,BAHATTİN ŞİMŞEK,23.12.2020 - 19:00
1133,https://www.tff.org/Default.aspx?pageId=29&macId=219104,DEMİR GRUP SİVASSPOR,3,GENÇLERBİRLİĞİ,1,YENİ 4 EYLÜL STADI - SİVAS,TUGAY KAAN NUMANOĞLU,24.12.2020 - 16:00
1134,https://www.tff.org/Default.aspx?pageId=29&macId=219105,HES KABLO KAYSERİSPOR,1,İTTİFAK HOLDİNG KONYASPOR,2,BÜYÜKŞEHİR BELEDİYESİ KADİR HAS - KAYSERİ,ALİ PALABIYIK,24.12.2020 - 16:00
1132,https://www.tff.org/Default.aspx?pageId=29&macId=219103,MKE ANKARAGÜCÜ,0,BEŞİKTAŞ A.Ş.,1,ERYAMAN STADYUMU - ANKARA - ETİMESGUT,HALİS ÖZKAHYA,24.12.2020 - 19:00
1135,https://www.tff.org/Default.aspx?pageId=29&macId=219106,ÇAYKUR RİZESPOR A.Ş.,2,FRAPORT-TAV ANTALYASPOR,1,ÇAYKUR DİDİ - RİZE,ERKAN ÖZDAMAR,24.12.2020 - 19:00
1148,https://www.tff.org/Default.aspx?pageId=29&macId=219119,GÖZTEPE A.Ş.,1,FATİH KARAGÜMRÜK A.Ş.,1,GÜRSEL AKSEL STADYUMU - İZMİR,SARPER BARIŞ SAKA,26.12.2020 - 16:00
1147,https://www.tff.org/Default.aspx?pageId=29&macId=219118,TRABZONSPOR A.Ş.,0,GALATASARAY A.Ş.,2,ŞENOL GÜNEŞ SPOR KOMPLEKSİ - TRABZON - TRABZON MER,HALİL UMUT MELER,26.12.2020 - 19:00
1149,https://www.tff.org/Default.aspx?pageId=29&macId=219120,GAZİANTEP FUTBOL KULÜBÜ A.Ş.,3,AYTEMİZ ALANYASPOR,1,KALYON STADYUMU - GAZİANTEP,YAŞAR KEMAL UĞURLU,27.12.2020 - 13:30
1141,https://www.tff.org/Default.aspx?pageId=29&macId=219112,YENİ MALATYASPOR,1,BÜYÜKŞEHİR BELEDİYE ERZURUMSPOR,3,YENİ MALATYA STADYUMU - MALATYA - MALATYA MERKEZ,MUSTAFA ÖĞRETMENOĞLU,27.12.2020 - 16:00
1142,https://www.tff.org/Default.aspx?pageId=29&macId=219113,YUKATEL DENİZLİSPOR,1,MKE ANKARAGÜCÜ,2,DENİZLİ ATATÜRK STADI - DENİZLİ,ÖZGÜR YANKAYA,27.12.2020 - 16:00
1150,https://www.tff.org/Default.aspx?pageId=29&macId=219121,MEDİPOL BAŞAKŞEHİR FK,2,KASIMPAŞA A.Ş.,2,BAŞAKŞEHİR FATİH TERİM - İSTANBUL - BAŞAKŞEHİR,FIRAT AYDINUS,27.12.2020 - 19:00
1144,https://www.tff.org/Default.aspx?pageId=29&macId=219115,GENÇLERBİRLİĞİ,3,HES KABLO KAYSERİSPOR,2,ERYAMAN STADYUMU - ANKARA - ETİMESGUT,CÜNEYT ÇAKIR,28.12.2020 - 16:00
1145,https://www.tff.org/Default.aspx?pageId=29&macId=219116,İTTİFAK HOLDİNG KONYASPOR,1,ÇAYKUR RİZESPOR A.Ş.,1,MEDAŞ KONYA BÜYÜKŞEHİR STADYUMU - KONYA,BURAK ŞEKER,28.12.2020 - 16:00
1143,https://www.tff.org/Default.aspx?pageId=29&macId=219114,BEŞİKTAŞ A.Ş.,3,DEMİR GRUP SİVASSPOR,0,VODAFONE PARK - İSTANBUL - BEŞİKTAŞ,ARDA KARDEŞLER,28.12.2020 - 19:00
1146,https://www.tff.org/Default.aspx?pageId=29&macId=219117,FRAPORT-TAV ANTALYASPOR,0,ATAKAŞ HATAYSPOR,6,ANTALYA STADYUMU - ANTALYA,RAMAZAN KELEŞ,29.12.2020 - 19:00
1151,https://www.tff.org/Default.aspx?pageId=29&macId=219122,BÜYÜKŞEHİR BELEDİYE ERZURUMSPOR,1,GAZİANTEP FUTBOL KULÜBÜ A.Ş.,1,ERZURUM KAZIM KARABEKİR - ERZURUM,TUGAY KAAN NUMANOĞLU,2.01.2021 - 13:30
1153,https://www.tff.org/Default.aspx?pageId=29&macId=219124,DEMİR GRUP SİVASSPOR,2,YUKATEL DENİZLİSPOR,2,YENİ 4 EYLÜL STADI - SİVAS,ERKAN ÖZDAMAR,2.01.2021 - 13:30
1152,https://www.tff.org/Default.aspx?pageId=29&macId=219123,MKE ANKARAGÜCÜ,3,YENİ MALATYASPOR,1,ERYAMAN STADYUMU - ANKARA - ETİMESGUT,VOLKAN BAYARSLAN,2.01.2021 - 16:00
1159,https://www.tff.org/Default.aspx?pageId=29&macId=219130,AYTEMİZ ALANYASPOR,3,MEDİPOL BAŞAKŞEHİR FK,0,BAHÇEŞEHİR OKULLARI STADYUMU - ANTALYA - ALANYA,METE KALKAVAN,2.01.2021 - 16:00
1156,https://www.tff.org/Default.aspx?pageId=29&macId=219127,ATAKAŞ HATAYSPOR,2,İTTİFAK HOLDİNG KONYASPOR,1,ANTAKYA ATATÜRK STADI - HATAY,ALPER ULUSOY,2.01.2021 - 19:00
1157,https://www.tff.org/Default.aspx?pageId=29&macId=219128,GALATASARAY A.Ş.,0,FRAPORT-TAV ANTALYASPOR,0,ALİ SAMİ YEN SPOR KOMPLEKSİ TÜRK TELEKOM STADYUMU ,ABDULKADİR BİTİGEN,2.01.2021 - 19:00
1155,https://www.tff.org/Default.aspx?pageId=29&macId=219126,ÇAYKUR RİZESPOR A.Ş.,1,GENÇLERBİRLİĞİ,1,ÇAYKUR DİDİ - RİZE,SUAT ARSLANBOĞA,3.01.2021 - 13:30
1158,https://www.tff.org/Default.aspx?pageId=29&macId=219129,FATİH KARAGÜMRÜK A.Ş.,1,TRABZONSPOR A.Ş.,2,VODAFONE PARK - İSTANBUL - BEŞİKTAŞ,ALİ PALABIYIK,3.01.2021 - 16:00
1154,https://www.tff.org/Default.aspx?pageId=29&macId=219125,HES KABLO KAYSERİSPOR,0,BEŞİKTAŞ A.Ş.,2,BÜYÜKŞEHİR BELEDİYESİ KADİR HAS - KAYSERİ,FIRAT AYDINUS,3.01.2021 - 19:00
1160,https://www.tff.org/Default.aspx?pageId=29&macId=219131,KASIMPAŞA A.Ş.,0,FENERBAHÇE A.Ş.,3,RECEP TAYYİP ERDOĞAN STADYUMU - İSTANBUL,HALİS ÖZKAHYA,4.01.2021 - 19:00
1162,https://www.tff.org/Default.aspx?pageId=29&macId=219133,GAZİANTEP FUTBOL KULÜBÜ A.Ş.,2,MKE ANKARAGÜCÜ,0,KALYON STADYUMU - GAZİANTEP,ALPER ULUSOY,5.01.2021 - 16:00
1163,https://www.tff.org/Default.aspx?pageId=29&macId=219134,YENİ MALATYASPOR,2,DEMİR GRUP SİVASSPOR,2,YENİ MALATYA STADYUMU - MALATYA - MALATYA MERKEZ,SARPER BARIŞ SAKA,5.01.2021 - 16:00
1167,https://www.tff.org/Default.aspx?pageId=29&macId=219138,İTTİFAK HOLDİNG KONYASPOR,4,GALATASARAY A.Ş.,3,MEDAŞ KONYA BÜYÜKŞEHİR STADYUMU - KONYA,ARDA KARDEŞLER,5.01.2021 - 19:00
1164,https://www.tff.org/Default.aspx?pageId=29&macId=219135,YUKATEL DENİZLİSPOR,0,HES KABLO KAYSERİSPOR,1,DENİZLİ ATATÜRK STADI - DENİZLİ,ALİ ŞANSALAN,6.01.2021 - 13:30
1161,https://www.tff.org/Default.aspx?pageId=29&macId=219132,MEDİPOL BAŞAKŞEHİR FK,1,BÜYÜKŞEHİR BELEDİYE ERZURUMSPOR,0,BAŞAKŞEHİR FATİH TERİM - İSTANBUL - BAŞAKŞEHİR,YAŞAR KEMAL UĞURLU,6.01.2021 - 16:00
1166,https://www.tff.org/Default.aspx?pageId=29&macId=219137,GENÇLERBİRLİĞİ,3,ATAKAŞ HATAYSPOR,1,ERYAMAN STADYUMU - ANKARA - ETİMESGUT,YASİN KOL,6.01.2021 - 16:00
1169,https://www.tff.org/Default.aspx?pageId=29&macId=219140,TRABZONSPOR A.Ş.,1,GÖZTEPE A.Ş.,0,ŞENOL GÜNEŞ SPOR KOMPLEKSİ - TRABZON - TRABZON MER,CÜNEYT ÇAKIR,6.01.2021 - 16:00
1165,https://www.tff.org/Default.aspx?pageId=29&macId=219136,BEŞİKTAŞ A.Ş.,6,ÇAYKUR RİZESPOR A.Ş.,0,VODAFONE PARK - İSTANBUL - BEŞİKTAŞ,ÜMİT ÖZTÜRK,6.01.2021 - 19:00
1168,https://www.tff.org/Default.aspx?pageId=29&macId=219139,FRAPORT-TAV ANTALYASPOR,3,FATİH KARAGÜMRÜK A.Ş.,1,ANTALYA STADYUMU - ANTALYA,HÜSEYİN GÖÇEK,6.01.2021 - 19:00
1170,https://www.tff.org/Default.aspx?pageId=29&macId=219141,FENERBAHÇE A.Ş.,2,AYTEMİZ ALANYASPOR,1,ÜLKER STADYUMU FB ŞÜKRÜ SARACOĞLU SPOR KOMPLEKSİ -,HALİL UMUT MELER,7.01.2021 - 19:00
1173,https://www.tff.org/Default.aspx?pageId=29&macId=219144,DEMİR GRUP SİVASSPOR,2,GAZİANTEP FUTBOL KULÜBÜ A.Ş.,1,YENİ 4 EYLÜL STADI - SİVAS,MUSTAFA ÖĞRETMENOĞLU,9.01.2021 - 13:30
1174,https://www.tff.org/Default.aspx?pageId=29&macId=219145,HES KABLO KAYSERİSPOR,1,YENİ MALATYASPOR,0,BÜYÜKŞEHİR BELEDİYESİ KADİR HAS - KAYSERİ,ERKAN ÖZDAMAR,9.01.2021 - 16:00
1179,https://www.tff.org/Default.aspx?pageId=29&macId=219150,GÖZTEPE A.Ş.,0,FRAPORT-TAV ANTALYASPOR,1,GÜRSEL AKSEL STADYUMU - İZMİR,MERT GÜZENGE,9.01.2021 - 16:00
1177,https://www.tff.org/Default.aspx?pageId=29&macId=219148,GALATASARAY A.Ş.,6,GENÇLERBİRLİĞİ,0,ALİ SAMİ YEN SPOR KOMPLEKSİ TÜRK TELEKOM STADYUMU ,HALİS ÖZKAHYA,9.01.2021 - 19:00
1178,https://www.tff.org/Default.aspx?pageId=29&macId=219149,FATİH KARAGÜMRÜK A.Ş.,2,İTTİFAK HOLDİNG KONYASPOR,1,KOCAELİ STADI - KOCAELİ,SERKAN TOKAT,10.01.2021 - 13:30
1172,https://www.tff.org/Default.aspx?pageId=29&macId=219143,MKE ANKARAGÜCÜ,1,MEDİPOL BAŞAKŞEHİR FK,2,ERYAMAN STADYUMU - ANKARA - ETİMESGUT,TUGAY KAAN NUMANOĞLU,10.01.2021 - 16:00
1175,https://www.tff.org/Default.aspx?pageId=29&macId=219146,ÇAYKUR RİZESPOR A.Ş.,1,YUKATEL DENİZLİSPOR,1,ÇAYKUR DİDİ - RİZE,VOLKAN BAYARSLAN,10.01.2021 - 16:00
1176,https://www.tff.org/Default.aspx?pageId=29&macId=219147,ATAKAŞ HATAYSPOR,2,BEŞİKTAŞ A.Ş.,2,ANTAKYA ATATÜRK STADI - HATAY,ALİ PALABIYIK,10.01.2021 - 19:00
1171,https://www.tff.org/Default.aspx?pageId=29&macId=219142,BÜYÜKŞEHİR BELEDİYE ERZURUMSPOR,0,FENERBAHÇE A.Ş.,3,ERZURUM KAZIM KARABEKİR - ERZURUM,METE KALKAVAN,11.01.2021 - 16:00
1180,https://www.tff.org/Default.aspx?pageId=29&macId=219151,AYTEMİZ ALANYASPOR,1,KASIMPAŞA A.Ş.,2,BAHÇEŞEHİR OKULLARI STADYUMU - ANTALYA - ALANYA,ABDULKADİR BİTİGEN,11.01.2021 - 19:00
1188,https://www.tff.org/Default.aspx?pageId=29&macId=219159,GENÇLERBİRLİĞİ,1,FATİH KARAGÜMRÜK A.Ş.,3,ERYAMAN STADYUMU - ANKARA - ETİMESGUT,ALİ ŞANSALAN,15.01.2021 - 19:00
1189,https://www.tff.org/Default.aspx?pageId=29&macId=219160,İTTİFAK HOLDİNG KONYASPOR,2,GÖZTEPE A.Ş.,3,MEDAŞ KONYA BÜYÜKŞEHİR STADYUMU - KONYA,FIRAT AYDINUS,16.01.2021 - 13:30
1183,https://www.tff.org/Default.aspx?pageId=29&macId=219154,MEDİPOL BAŞAKŞEHİR FK,1,DEMİR GRUP SİVASSPOR,1,BAŞAKŞEHİR FATİH TERİM - İSTANBUL - BAŞAKŞEHİR,ALPER ULUSOY,16.01.2021 - 16:00
1184,https://www.tff.org/Default.aspx?pageId=29&macId=219155,GAZİANTEP FUTBOL KULÜBÜ A.Ş.,2,HES KABLO KAYSERİSPOR,1,KALYON STADYUMU - GAZİANTEP,HALİL UMUT MELER,16.01.2021 - 16:00
1190,https://www.tff.org/Default.aspx?pageId=29&macId=219161,FRAPORT-TAV ANTALYASPOR,1,TRABZONSPOR A.Ş.,1,ANTALYA STADYUMU - ANTALYA,ALİ PALABIYIK,16.01.2021 - 19:00
1186,https://www.tff.org/Default.aspx?pageId=29&macId=219157,YUKATEL DENİZLİSPOR,0,ATAKAŞ HATAYSPOR,2,DENİZLİ ATATÜRK STADI - DENİZLİ,KORAY GENÇERLER,17.01.2021 - 13:30
1185,https://www.tff.org/Default.aspx?pageId=29&macId=219156,YENİ MALATYASPOR,4,ÇAYKUR RİZESPOR A.Ş.,1,YENİ MALATYA STADYUMU - MALATYA - MALATYA MERKEZ,HÜSEYİN GÖÇEK,17.01.2021 - 16:00
1187,https://www.tff.org/Default.aspx?pageId=29&macId=219158,BEŞİKTAŞ A.Ş.,2,GALATASARAY A.Ş.,0,VODAFONE PARK - İSTANBUL - BEŞİKTAŞ,CÜNEYT ÇAKIR,17.01.2021 - 19:00
1181,https://www.tff.org/Default.aspx?pageId=29&macId=219152,KASIMPAŞA A.Ş.,1,BÜYÜKŞEHİR BELEDİYE ERZURUMSPOR,2,RECEP TAYYİP ERDOĞAN STADYUMU - İSTANBUL,ATİLLA KARAOĞLAN,18.01.2021 - 19:00
1182,https://www.tff.org/Default.aspx?pageId=29&macId=219153,FENERBAHÇE A.Ş.,3,MKE ANKARAGÜCÜ,1,ÜLKER STADYUMU FB ŞÜKRÜ SARACOĞLU SPOR KOMPLEKSİ -,ARDA KARDEŞLER,18.01.2021 - 19:00
1194,https://www.tff.org/Default.aspx?pageId=29&macId=219165,HES KABLO KAYSERİSPOR,2,MEDİPOL BAŞAKŞEHİR FK,0,BÜYÜKŞEHİR BELEDİYESİ KADİR HAS - KAYSERİ,SERKAN TOKAT,19.01.2021 - 16:00
1199,https://www.tff.org/Default.aspx?pageId=29&macId=219170,GÖZTEPE A.Ş.,4,GENÇLERBİRLİĞİ,0,GÜRSEL AKSEL STADYUMU - İZMİR,BURAK ŞEKER,19.01.2021 - 16:00
1200,https://www.tff.org/Default.aspx?pageId=29&macId=219171,TRABZONSPOR A.Ş.,3,İTTİFAK HOLDİNG KONYASPOR,1,ŞENOL GÜNEŞ SPOR KOMPLEKSİ - TRABZON - TRABZON MER,ABDULKADİR BİTİGEN,19.01.2021 - 19:00
1195,https://www.tff.org/Default.aspx?pageId=29&macId=219166,ÇAYKUR RİZESPOR A.Ş.,3,GAZİANTEP FUTBOL KULÜBÜ A.Ş.,0,ÇAYKUR DİDİ - RİZE,HALİS ÖZKAHYA,20.01.2021 - 16:00
1196,https://www.tff.org/Default.aspx?pageId=29&macId=219167,ATAKAŞ HATAYSPOR,1,YENİ MALATYASPOR,2,ANTAKYA ATATÜRK STADI - HATAY,RAMAZAN KELEŞ,20.01.2021 - 16:00
1197,https://www.tff.org/Default.aspx?pageId=29&macId=219168,GALATASARAY A.Ş.,6,YUKATEL DENİZLİSPOR,1,ALİ SAMİ YEN SPOR KOMPLEKSİ TÜRK TELEKOM STADYUMU ,SUAT ARSLANBOĞA,20.01.2021 - 19:00
1191,https://www.tff.org/Default.aspx?pageId=29&macId=219162,BÜYÜKŞEHİR BELEDİYE ERZURUMSPOR,1,AYTEMİZ ALANYASPOR,1,ERZURUM KAZIM KARABEKİR - ERZURUM,TURGUT DOMAN,21.01.2021 - 16:00
1198,https://www.tff.org/Default.aspx?pageId=29&macId=219169,FATİH KARAGÜMRÜK A.Ş.,1,BEŞİKTAŞ A.Ş.,4,ATATÜRK OLİMPİYAT - İSTANBUL,METE KALKAVAN,21.01.2021 - 16:00
1192,https://www.tff.org/Default.aspx?pageId=29&macId=219163,MKE ANKARAGÜCÜ,1,KASIMPAŞA A.Ş.,0,ERYAMAN STADYUMU - ANKARA - ETİMESGUT,SARPER BARIŞ SAKA,21.01.2021 - 19:00
1193,https://www.tff.org/Default.aspx?pageId=29&macId=219164,DEMİR GRUP SİVASSPOR,1,FENERBAHÇE A.Ş.,1,YENİ 4 EYLÜL STADI - SİVAS,YAŞAR KEMAL UĞURLU,21.01.2021 - 19:00
1209,https://www.tff.org/Default.aspx?pageId=29&macId=219180,GENÇLERBİRLİĞİ,1,TRABZONSPOR A.Ş.,2,ERYAMAN STADYUMU - ANKARA - ETİMESGUT,MUSTAFA ÖĞRETMENOĞLU,23.01.2021 - 16:00
1204,https://www.tff.org/Default.aspx?pageId=29&macId=219175,MEDİPOL BAŞAKŞEHİR FK,1,ÇAYKUR RİZESPOR A.Ş.,1,BAŞAKŞEHİR FATİH TERİM - İSTANBUL - BAŞAKŞEHİR,ÜMİT ÖZTÜRK,23.01.2021 - 19:00
1210,https://www.tff.org/Default.aspx?pageId=29&macId=219181,İTTİFAK HOLDİNG KONYASPOR,0,FRAPORT-TAV ANTALYASPOR,0,MEDAŞ KONYA BÜYÜKŞEHİR STADYUMU - KONYA,TUGAY KAAN NUMANOĞLU,24.01.2021 - 13:30
1206,https://www.tff.org/Default.aspx?pageId=29&macId=219177,YENİ MALATYASPOR,0,GALATASARAY A.Ş.,1,YENİ MALATYA STADYUMU - MALATYA - MALATYA MERKEZ,ALİ PALABIYIK,24.01.2021 - 16:00
1207,https://www.tff.org/Default.aspx?pageId=29&macId=219178,YUKATEL DENİZLİSPOR,1,FATİH KARAGÜMRÜK A.Ş.,2,DENİZLİ ATATÜRK STADI - DENİZLİ,ERKAN ÖZDAMAR,24.01.2021 - 16:00
1205,https://www.tff.org/Default.aspx?pageId=29&macId=219176,GAZİANTEP FUTBOL KULÜBÜ A.Ş.,1,ATAKAŞ HATAYSPOR,1,KALYON STADYUMU - GAZİANTEP,FIRAT AYDINUS,24.01.2021 - 19:00
1208,https://www.tff.org/Default.aspx?pageId=29&macId=219179,BEŞİKTAŞ A.Ş.,2,GÖZTEPE A.Ş.,1,VODAFONE PARK - İSTANBUL - BEŞİKTAŞ,ALİ ŞANSALAN,24.01.2021 - 19:00
1202,https://www.tff.org/Default.aspx?pageId=29&macId=219173,KASIMPAŞA A.Ş.,2,DEMİR GRUP SİVASSPOR,0,RECEP TAYYİP ERDOĞAN STADYUMU - İSTANBUL,MERT GÜZENGE,25.01.2021 - 16:00
1201,https://www.tff.org/Default.aspx?pageId=29&macId=219172,AYTEMİZ ALANYASPOR,4,MKE ANKARAGÜCÜ,3,BAHÇEŞEHİR OKULLARI STADYUMU - ANTALYA - ALANYA,CÜNEYT ÇAKIR,25.01.2021 - 19:00
1203,https://www.tff.org/Default.aspx?pageId=29&macId=219174,FENERBAHÇE A.Ş.,3,HES KABLO KAYSERİSPOR,0,ÜLKER STADYUMU FB ŞÜKRÜ SARACOĞLU SPOR KOMPLEKSİ -,ALPER ULUSOY,25.01.2021 - 19:00
1217,https://www.tff.org/Default.aspx?pageId=29&macId=219188,YENİ MALATYASPOR,0,FATİH KARAGÜMRÜK A.Ş.,0,YENİ MALATYA STADYUMU - MALATYA - MALATYA MERKEZ,YASİN KOL,29.01.2021 - 16:00
1216,https://www.tff.org/Default.aspx?pageId=29&macId=219187,GAZİANTEP FUTBOL KULÜBÜ A.Ş.,1,GALATASARAY A.Ş.,2,KALYON STADYUMU - GAZİANTEP,METE KALKAVAN,29.01.2021 - 19:00
1213,https://www.tff.org/Default.aspx?pageId=29&macId=219184,KASIMPAŞA A.Ş.,0,HES KABLO KAYSERİSPOR,1,RECEP TAYYİP ERDOĞAN STADYUMU - İSTANBUL,HÜSEYİN GÖÇEK,30.01.2021 - 13:30
1215,https://www.tff.org/Default.aspx?pageId=29&macId=219186,MEDİPOL BAŞAKŞEHİR FK,1,ATAKAŞ HATAYSPOR,5,BAŞAKŞEHİR FATİH TERİM - İSTANBUL - BAŞAKŞEHİR,CÜNEYT ÇAKIR,30.01.2021 - 16:00
1214,https://www.tff.org/Default.aspx?pageId=29&macId=219185,FENERBAHÇE A.Ş.,1,ÇAYKUR RİZESPOR A.Ş.,0,ÜLKER STADYUMU FB ŞÜKRÜ SARACOĞLU SPOR KOMPLEKSİ -,ABDULKADİR BİTİGEN,30.01.2021 - 19:00
1211,https://www.tff.org/Default.aspx?pageId=29&macId=219182,BÜYÜKŞEHİR BELEDİYE ERZURUMSPOR,1,MKE ANKARAGÜCÜ,0,ERZURUM KAZIM KARABEKİR - ERZURUM,ÜMİT ÖZTÜRK,31.01.2021 - 13:30
1212,https://www.tff.org/Default.aspx?pageId=29&macId=219183,AYTEMİZ ALANYASPOR,3,DEMİR GRUP SİVASSPOR,1,BAHÇEŞEHİR OKULLARI STADYUMU - ANTALYA - ALANYA,ZORBAY KÜÇÜK,31.01.2021 - 16:00
1218,https://www.tff.org/Default.aspx?pageId=29&macId=219189,YUKATEL DENİZLİSPOR,2,GÖZTEPE A.Ş.,1,DENİZLİ ATATÜRK STADI - DENİZLİ,SARPER BARIŞ SAKA,31.01.2021 - 16:00
1220,https://www.tff.org/Default.aspx?pageId=29&macId=219191,GENÇLERBİRLİĞİ,0,FRAPORT-TAV ANTALYASPOR,1,ERYAMAN STADYUMU - ANKARA - ETİMESGUT,BAHATTİN ŞİMŞEK,31.01.2021 - 16:00
1219,https://www.tff.org/Default.aspx?pageId=29&macId=219190,BEŞİKTAŞ A.Ş.,1,TRABZONSPOR A.Ş.,2,VODAFONE PARK - İSTANBUL - BEŞİKTAŞ,HALİL UMUT MELER,31.01.2021 - 19:00
1228,https://www.tff.org/Default.aspx?pageId=29&macId=219199,ATAKAŞ HATAYSPOR,1,FENERBAHÇE A.Ş.,2,ANTAKYA ATATÜRK STADI - HATAY,SUAT ARSLANBOĞA,2.02.2021 - 16:00
1227,https://www.tff.org/Default.aspx?pageId=29&macId=219198,GALATASARAY A.Ş.,3,MEDİPOL BAŞAKŞEHİR FK,0,ALİ SAMİ YEN SPOR KOMPLEKSİ TÜRK TELEKOM STADYUMU ,ARDA KARDEŞLER,2.02.2021 - 19:00
1229,https://www.tff.org/Default.aspx?pageId=29&macId=219200,ÇAYKUR RİZESPOR A.Ş.,1,KASIMPAŞA A.Ş.,1,ÇAYKUR DİDİ - RİZE,SERKAN TOKAT,2.02.2021 - 19:00
1221,https://www.tff.org/Default.aspx?pageId=29&macId=219192,DEMİR GRUP SİVASSPOR,0,BÜYÜKŞEHİR BELEDİYE ERZURUMSPOR,0,YENİ 4 EYLÜL STADI - SİVAS,FIRAT AYDINUS,3.02.2021 - 13:30
1226,https://www.tff.org/Default.aspx?pageId=29&macId=219197,FATİH KARAGÜMRÜK A.Ş.,2,GAZİANTEP FUTBOL KULÜBÜ A.Ş.,0,ATATÜRK OLİMPİYAT - İSTANBUL,ALİ PALABIYIK,3.02.2021 - 16:00
1230,https://www.tff.org/Default.aspx?pageId=29&macId=219201,HES KABLO KAYSERİSPOR,1,AYTEMİZ ALANYASPOR,1,BÜYÜKŞEHİR BELEDİYESİ KADİR HAS - KAYSERİ,ATİLLA KARAOĞLAN,3.02.2021 - 16:00
1222,https://www.tff.org/Default.aspx?pageId=29&macId=219193,İTTİFAK HOLDİNG KONYASPOR,0,GENÇLERBİRLİĞİ,0,MEDAŞ KONYA BÜYÜKŞEHİR STADYUMU - KONYA,ÖZGÜR YANKAYA,3.02.2021 - 19:00
1223,https://www.tff.org/Default.aspx?pageId=29&macId=219194,FRAPORT-TAV ANTALYASPOR,1,BEŞİKTAŞ A.Ş.,1,ANTALYA STADYUMU - ANTALYA,ALPER ULUSOY,3.02.2021 - 19:00
1225,https://www.tff.org/Default.aspx?pageId=29&macId=219196,GÖZTEPE A.Ş.,2,YENİ MALATYASPOR,2,GÜRSEL AKSEL STADYUMU - İZMİR,TURGUT DOMAN,4.02.2021 - 16:00
1224,https://www.tff.org/Default.aspx?pageId=29&macId=219195,TRABZONSPOR A.Ş.,1,YUKATEL DENİZLİSPOR,0,ŞENOL GÜNEŞ SPOR KOMPLEKSİ - TRABZON - TRABZON MER,TUGAY KAAN NUMANOĞLU,4.02.2021 - 19:00
1234,https://www.tff.org/Default.aspx?pageId=29&macId=219205,KASIMPAŞA A.Ş.,1,ATAKAŞ HATAYSPOR,4,RECEP TAYYİP ERDOĞAN STADYUMU - İSTANBUL,BAHATTİN ŞİMŞEK,6.02.2021 - 13:30
1233,https://www.tff.org/Default.aspx?pageId=29&macId=219204,AYTEMİZ ALANYASPOR,2,ÇAYKUR RİZESPOR A.Ş.,1,BAHÇEŞEHİR OKULLARI STADYUMU - ANTALYA - ALANYA,METE KALKAVAN,6.02.2021 - 16:00
1236,https://www.tff.org/Default.aspx?pageId=29&macId=219207,MEDİPOL BAŞAKŞEHİR FK,0,FATİH KARAGÜMRÜK A.Ş.,1,BAŞAKŞEHİR FATİH TERİM - İSTANBUL - BAŞAKŞEHİR,HALİL UMUT MELER,6.02.2021 - 16:00
1235,https://www.tff.org/Default.aspx?pageId=29&macId=219206,FENERBAHÇE A.Ş.,0,GALATASARAY A.Ş.,1,ÜLKER STADYUMU FB ŞÜKRÜ SARACOĞLU SPOR KOMPLEKSİ -,CÜNEYT ÇAKIR,6.02.2021 - 19:00
1231,https://www.tff.org/Default.aspx?pageId=29&macId=219202,BÜYÜKŞEHİR BELEDİYE ERZURUMSPOR,1,HES KABLO KAYSERİSPOR,1,ERZURUM KAZIM KARABEKİR - ERZURUM,YAŞAR KEMAL UĞURLU,7.02.2021 - 13:30
1232,https://www.tff.org/Default.aspx?pageId=29&macId=219203,MKE ANKARAGÜCÜ,1,DEMİR GRUP SİVASSPOR,4,ERYAMAN STADYUMU - ANKARA - ETİMESGUT,BURAK ŞEKER,7.02.2021 - 16:00
1239,https://www.tff.org/Default.aspx?pageId=29&macId=219210,YUKATEL DENİZLİSPOR,1,FRAPORT-TAV ANTALYASPOR,1,DENİZLİ ATATÜRK STADI - DENİZLİ,ZORBAY KÜÇÜK,7.02.2021 - 16:00
1240,https://www.tff.org/Default.aspx?pageId=29&macId=219211,BEŞİKTAŞ A.Ş.,1,İTTİFAK HOLDİNG KONYASPOR,0,VODAFONE PARK - İSTANBUL - BEŞİKTAŞ,HALİS ÖZKAHYA,7.02.2021 - 19:00
1237,https://www.tff.org/Default.aspx?pageId=29&macId=219208,GAZİANTEP FUTBOL KULÜBÜ A.Ş.,2,GÖZTEPE A.Ş.,0,KALYON STADYUMU - GAZİANTEP,VOLKAN BAYARSLAN,8.02.2021 - 16:00
1238,https://www.tff.org/Default.aspx?pageId=29&macId=219209,YENİ MALATYASPOR,0,TRABZONSPOR A.Ş.,2,YENİ MALATYA STADYUMU - MALATYA - MALATYA MERKEZ,ERKAN ÖZDAMAR,8.02.2021 - 19:00
1241,https://www.tff.org/Default.aspx?pageId=29&macId=219212,ÇAYKUR RİZESPOR A.Ş.,0,BÜYÜKŞEHİR BELEDİYE ERZURUMSPOR,2,ÇAYKUR DİDİ - RİZE,CÜNEYT ÇAKIR,12.02.2021 - 19:00
1242,https://www.tff.org/Default.aspx?pageId=29&macId=219213,HES KABLO KAYSERİSPOR,0,MKE ANKARAGÜCÜ,0,BÜYÜKŞEHİR BELEDİYESİ KADİR HAS - KAYSERİ,HALİL UMUT MELER,13.02.2021 - 13:30
1247,https://www.tff.org/Default.aspx?pageId=29&macId=219218,TRABZONSPOR A.Ş.,1,GAZİANTEP FUTBOL KULÜBÜ A.Ş.,0,ŞENOL GÜNEŞ SPOR KOMPLEKSİ - TRABZON - TRABZON MER,ZORBAY KÜÇÜK,13.02.2021 - 16:00
1245,https://www.tff.org/Default.aspx?pageId=29&macId=219216,FATİH KARAGÜMRÜK A.Ş.,1,FENERBAHÇE A.Ş.,2,ATATÜRK OLİMPİYAT - İSTANBUL,HALİS ÖZKAHYA,13.02.2021 - 19:00
1249,https://www.tff.org/Default.aspx?pageId=29&macId=219220,İTTİFAK HOLDİNG KONYASPOR,2,YUKATEL DENİZLİSPOR,0,MEDAŞ KONYA BÜYÜKŞEHİR STADYUMU - KONYA,HÜSEYİN GÖÇEK,14.02.2021 - 13:30
1243,https://www.tff.org/Default.aspx?pageId=29&macId=219214,ATAKAŞ HATAYSPOR,0,AYTEMİZ ALANYASPOR,0,ANTAKYA ATATÜRK STADI - HATAY,TURGUT DOMAN,14.02.2021 - 16:00
1244,https://www.tff.org/Default.aspx?pageId=29&macId=219215,GALATASARAY A.Ş.,2,KASIMPAŞA A.Ş.,1,ALİ SAMİ YEN SPOR KOMPLEKSİ TÜRK TELEKOM STADYUMU ,ERKAN ÖZDAMAR,14.02.2021 - 16:00
1246,https://www.tff.org/Default.aspx?pageId=29&macId=219217,GÖZTEPE A.Ş.,2,MEDİPOL BAŞAKŞEHİR FK,1,GÜRSEL AKSEL STADYUMU - İZMİR,ÜMİT ÖZTÜRK,14.02.2021 - 16:00
1250,https://www.tff.org/Default.aspx?pageId=29&macId=219221,GENÇLERBİRLİĞİ,0,BEŞİKTAŞ A.Ş.,3,ERYAMAN STADYUMU - ANKARA - ETİMESGUT,YAŞAR KEMAL UĞURLU,15.02.2021 - 16:00
1248,https://www.tff.org/Default.aspx?pageId=29&macId=219219,FRAPORT-TAV ANTALYASPOR,1,YENİ MALATYASPOR,1,ANTALYA STADYUMU - ANTALYA,SERKAN TOKAT,15.02.2021 - 19:00
1257,https://www.tff.org/Default.aspx?pageId=29&macId=219228,MEDİPOL BAŞAKŞEHİR FK,0,TRABZONSPOR A.Ş.,1,BAŞAKŞEHİR FATİH TERİM - İSTANBUL - BAŞAKŞEHİR,HALİL UMUT MELER,19.02.2021 - 19:00
1255,https://www.tff.org/Default.aspx?pageId=29&macId=219226,KASIMPAŞA A.Ş.,3,FATİH KARAGÜMRÜK A.Ş.,2,RECEP TAYYİP ERDOĞAN STADYUMU - İSTANBUL,YAŞAR KEMAL UĞURLU,20.02.2021 - 13:30
1259,https://www.tff.org/Default.aspx?pageId=29&macId=219230,YENİ MALATYASPOR,2,İTTİFAK HOLDİNG KONYASPOR,3,YENİ MALATYA STADYUMU - MALATYA - MALATYA MERKEZ,SARPER BARIŞ SAKA,20.02.2021 - 16:00
1260,https://www.tff.org/Default.aspx?pageId=29&macId=219231,YUKATEL DENİZLİSPOR,1,GENÇLERBİRLİĞİ,0,DENİZLİ ATATÜRK STADI - DENİZLİ,TUGAY KAAN NUMANOĞLU,20.02.2021 - 16:00
1254,https://www.tff.org/Default.aspx?pageId=29&macId=219225,AYTEMİZ ALANYASPOR,0,GALATASARAY A.Ş.,1,BAHÇEŞEHİR OKULLARI STADYUMU - ANTALYA - ALANYA,ZORBAY KÜÇÜK,20.02.2021 - 19:00
1251,https://www.tff.org/Default.aspx?pageId=29&macId=219222,BÜYÜKŞEHİR BELEDİYE ERZURUMSPOR,1,ATAKAŞ HATAYSPOR,3,ERZURUM KAZIM KARABEKİR - ERZURUM,SERKAN TOKAT,21.02.2021 - 13:30
1253,https://www.tff.org/Default.aspx?pageId=29&macId=219224,DEMİR GRUP SİVASSPOR,2,HES KABLO KAYSERİSPOR,0,YENİ 4 EYLÜL STADI - SİVAS,ALİ ŞANSALAN,21.02.2021 - 16:00
1258,https://www.tff.org/Default.aspx?pageId=29&macId=219229,GAZİANTEP FUTBOL KULÜBÜ A.Ş.,0,FRAPORT-TAV ANTALYASPOR,0,KALYON STADYUMU - GAZİANTEP,ARDA KARDEŞLER,21.02.2021 - 16:00
1256,https://www.tff.org/Default.aspx?pageId=29&macId=219227,FENERBAHÇE A.Ş.,0,GÖZTEPE A.Ş.,1,ÜLKER STADYUMU FB ŞÜKRÜ SARACOĞLU SPOR KOMPLEKSİ -,HÜSEYİN GÖÇEK,21.02.2021 - 19:00
1252,https://www.tff.org/Default.aspx?pageId=29&macId=219223,MKE ANKARAGÜCÜ,1,ÇAYKUR RİZESPOR A.Ş.,1,ERYAMAN STADYUMU - ANKARA - ETİMESGUT,HALİS ÖZKAHYA,22.02.2021 - 19:00
1268,https://www.tff.org/Default.aspx?pageId=29&macId=219239,İTTİFAK HOLDİNG KONYASPOR,0,GAZİANTEP FUTBOL KULÜBÜ A.Ş.,0,MEDAŞ KONYA BÜYÜKŞEHİR STADYUMU - KONYA,ERKAN ÖZDAMAR,26.02.2021 - 16:00
1269,https://www.tff.org/Default.aspx?pageId=29&macId=219240,GENÇLERBİRLİĞİ,1,YENİ MALATYASPOR,1,ERYAMAN STADYUMU - ANKARA - ETİMESGUT,ALPER ULUSOY,26.02.2021 - 16:00
1270,https://www.tff.org/Default.aspx?pageId=29&macId=219241,BEŞİKTAŞ A.Ş.,3,YUKATEL DENİZLİSPOR,0,VODAFONE PARK - İSTANBUL - BEŞİKTAŞ,CÜNEYT ÇAKIR,26.02.2021 - 19:00
1262,https://www.tff.org/Default.aspx?pageId=29&macId=219233,ATAKAŞ HATAYSPOR,4,MKE ANKARAGÜCÜ,1,ANTAKYA ATATÜRK STADI - HATAY,ATİLLA KARAOĞLAN,27.02.2021 - 13:30
1264,https://www.tff.org/Default.aspx?pageId=29&macId=219235,FATİH KARAGÜMRÜK A.Ş.,2,AYTEMİZ ALANYASPOR,0,ATATÜRK OLİMPİYAT - İSTANBUL,VOLKAN BAYARSLAN,27.02.2021 - 13:30
1263,https://www.tff.org/Default.aspx?pageId=29&macId=219234,ÇAYKUR RİZESPOR A.Ş.,0,DEMİR GRUP SİVASSPOR,0,ÇAYKUR DİDİ - RİZE,ÖZGÜR YANKAYA,27.02.2021 - 16:00
1267,https://www.tff.org/Default.aspx?pageId=29&macId=219238,FRAPORT-TAV ANTALYASPOR,0,MEDİPOL BAŞAKŞEHİR FK,0,ANTALYA STADYUMU - ANTALYA,FIRAT AYDINUS,27.02.2021 - 16:00
1261,https://www.tff.org/Default.aspx?pageId=29&macId=219232,GALATASARAY A.Ş.,2,BÜYÜKŞEHİR BELEDİYE ERZURUMSPOR,0,ALİ SAMİ YEN SPOR KOMPLEKSİ TÜRK TELEKOM STADYUMU ,METE KALKAVAN,27.02.2021 - 19:00
1265,https://www.tff.org/Default.aspx?pageId=29&macId=219236,GÖZTEPE A.Ş.,1,KASIMPAŞA A.Ş.,0,GÜRSEL AKSEL STADYUMU - İZMİR,SUAT ARSLANBOĞA,28.02.2021 - 16:00
1266,https://www.tff.org/Default.aspx?pageId=29&macId=219237,TRABZONSPOR A.Ş.,0,FENERBAHÇE A.Ş.,1,ŞENOL GÜNEŞ SPOR KOMPLEKSİ - TRABZON - TRABZON MER,YAŞAR KEMAL UĞURLU,28.02.2021 - 19:00
1279,https://www.tff.org/Default.aspx?pageId=29&macId=219250,GAZİANTEP FUTBOL KULÜBÜ A.Ş.,2,GENÇLERBİRLİĞİ,1,KALYON STADYUMU - GAZİANTEP,BAHATTİN ŞİMŞEK,2.03.2021 - 16:00
1280,https://www.tff.org/Default.aspx?pageId=29&macId=219251,YENİ MALATYASPOR,0,BEŞİKTAŞ A.Ş.,1,YENİ MALATYA STADYUMU - MALATYA - MALATYA MERKEZ,HALİS ÖZKAHYA,2.03.2021 - 19:00
1271,https://www.tff.org/Default.aspx?pageId=29&macId=219242,BÜYÜKŞEHİR BELEDİYE ERZURUMSPOR,2,FATİH KARAGÜMRÜK A.Ş.,2,ERZURUM KAZIM KARABEKİR - ERZURUM,ALİ ŞANSALAN,3.03.2021 - 13:30
1273,https://www.tff.org/Default.aspx?pageId=29&macId=219244,DEMİR GRUP SİVASSPOR,1,ATAKAŞ HATAYSPOR,1,YENİ 4 EYLÜL STADI - SİVAS,MUSTAFA ÖĞRETMENOĞLU,3.03.2021 - 16:00
1278,https://www.tff.org/Default.aspx?pageId=29&macId=219249,MEDİPOL BAŞAKŞEHİR FK,1,İTTİFAK HOLDİNG KONYASPOR,1,BAŞAKŞEHİR FATİH TERİM - İSTANBUL - BAŞAKŞEHİR,ALİ PALABIYIK,3.03.2021 - 16:00
1272,https://www.tff.org/Default.aspx?pageId=29&macId=219243,MKE ANKARAGÜCÜ,2,GALATASARAY A.Ş.,1,ERYAMAN STADYUMU - ANKARA - ETİMESGUT,HALİL UMUT MELER,3.03.2021 - 19:00
1274,https://www.tff.org/Default.aspx?pageId=29&macId=219245,HES KABLO KAYSERİSPOR,2,ÇAYKUR RİZESPOR A.Ş.,1,BÜYÜKŞEHİR BELEDİYESİ KADİR HAS - KAYSERİ,HÜSEYİN GÖÇEK,3.03.2021 - 19:00
1275,https://www.tff.org/Default.aspx?pageId=29&macId=219246,AYTEMİZ ALANYASPOR,1,GÖZTEPE A.Ş.,1,BAHÇEŞEHİR OKULLARI STADYUMU - ANTALYA - ALANYA,TUGAY KAAN NUMANOĞLU,4.03.2021 - 16:00
1276,https://www.tff.org/Default.aspx?pageId=29&macId=219247,KASIMPAŞA A.Ş.,1,TRABZONSPOR A.Ş.,2,RECEP TAYYİP ERDOĞAN STADYUMU - İSTANBUL,ABDULKADİR BİTİGEN,4.03.2021 - 16:00
1277,https://www.tff.org/Default.aspx?pageId=29&macId=219248,FENERBAHÇE A.Ş.,1,FRAPORT-TAV ANTALYASPOR,1,ÜLKER STADYUMU FB ŞÜKRÜ SARACOĞLU SPOR KOMPLEKSİ -,ÜMİT ÖZTÜRK,4.03.2021 - 19:00
1290,https://www.tff.org/Default.aspx?pageId=29&macId=219261,YUKATEL DENİZLİSPOR,3,YENİ MALATYASPOR,2,DENİZLİ ATATÜRK STADI - DENİZLİ,ARDA KARDEŞLER,6.03.2021 - 16:00
1289,https://www.tff.org/Default.aspx?pageId=29&macId=219260,BEŞİKTAŞ A.Ş.,2,GAZİANTEP FUTBOL KULÜBÜ A.Ş.,1,VODAFONE PARK - İSTANBUL - BEŞİKTAŞ,METE KALKAVAN,6.03.2021 - 19:00
1282,https://www.tff.org/Default.aspx?pageId=29&macId=219253,FATİH KARAGÜMRÜK A.Ş.,0,MKE ANKARAGÜCÜ,1,ATATÜRK OLİMPİYAT - İSTANBUL,HALİS ÖZKAHYA,7.03.2021 - 13:30
1284,https://www.tff.org/Default.aspx?pageId=29&macId=219255,ATAKAŞ HATAYSPOR,1,HES KABLO KAYSERİSPOR,3,ANTAKYA ATATÜRK STADI - HATAY,YAŞAR KEMAL UĞURLU,7.03.2021 - 16:00
1288,https://www.tff.org/Default.aspx?pageId=29&macId=219259,GENÇLERBİRLİĞİ,0,MEDİPOL BAŞAKŞEHİR FK,1,ERYAMAN STADYUMU - ANKARA - ETİMESGUT,ÖZGÜR YANKAYA,7.03.2021 - 16:00
1283,https://www.tff.org/Default.aspx?pageId=29&macId=219254,GALATASARAY A.Ş.,2,DEMİR GRUP SİVASSPOR,2,ALİ SAMİ YEN SPOR KOMPLEKSİ TÜRK TELEKOM STADYUMU ,ALİ ŞANSALAN,7.03.2021 - 19:00
1285,https://www.tff.org/Default.aspx?pageId=29&macId=219256,TRABZONSPOR A.Ş.,1,AYTEMİZ ALANYASPOR,3,ŞENOL GÜNEŞ SPOR KOMPLEKSİ - TRABZON - TRABZON MER,SUAT ARSLANBOĞA,8.03.2021 - 16:00
1286,https://www.tff.org/Default.aspx?pageId=29&macId=219257,FRAPORT-TAV ANTALYASPOR,1,KASIMPAŞA A.Ş.,1,ANTALYA STADYUMU - ANTALYA,SERKAN TOKAT,8.03.2021 - 16:00
1281,https://www.tff.org/Default.aspx?pageId=29&macId=219252,GÖZTEPE A.Ş.,3,BÜYÜKŞEHİR BELEDİYE ERZURUMSPOR,1,GÜRSEL AKSEL STADYUMU - İZMİR,ZORBAY KÜÇÜK,8.03.2021 - 19:00
1287,https://www.tff.org/Default.aspx?pageId=29&macId=219258,İTTİFAK HOLDİNG KONYASPOR,0,FENERBAHÇE A.Ş.,3,MEDAŞ KONYA BÜYÜKŞEHİR STADYUMU - KONYA,FIRAT AYDINUS,8.03.2021 - 19:00
1299,https://www.tff.org/Default.aspx?pageId=29&macId=219270,MEDİPOL BAŞAKŞEHİR FK,2,BEŞİKTAŞ A.Ş.,3,BAŞAKŞEHİR FATİH TERİM - İSTANBUL - BAŞAKŞEHİR,CÜNEYT ÇAKIR,12.03.2021 - 19:00
1293,https://www.tff.org/Default.aspx?pageId=29&macId=219264,DEMİR GRUP SİVASSPOR,1,FATİH KARAGÜMRÜK A.Ş.,0,YENİ 4 EYLÜL STADI - SİVAS,HALİL UMUT MELER,13.03.2021 - 13:30
1295,https://www.tff.org/Default.aspx?pageId=29&macId=219266,ÇAYKUR RİZESPOR A.Ş.,1,ATAKAŞ HATAYSPOR,0,ÇAYKUR DİDİ - RİZE,SUAT ARSLANBOĞA,13.03.2021 - 16:00
1296,https://www.tff.org/Default.aspx?pageId=29&macId=219267,AYTEMİZ ALANYASPOR,4,FRAPORT-TAV ANTALYASPOR,0,BAHÇEŞEHİR OKULLARI STADYUMU - ANTALYA - ALANYA,SARPER BARIŞ SAKA,13.03.2021 - 16:00
1294,https://www.tff.org/Default.aspx?pageId=29&macId=219265,HES KABLO KAYSERİSPOR,0,GALATASARAY A.Ş.,3,BÜYÜKŞEHİR BELEDİYESİ KADİR HAS - KAYSERİ,HALİS ÖZKAHYA,13.03.2021 - 19:00
1292,https://www.tff.org/Default.aspx?pageId=29&macId=219263,MKE ANKARAGÜCÜ,3,GÖZTEPE A.Ş.,0,ERYAMAN STADYUMU - ANKARA - ETİMESGUT,HÜSEYİN GÖÇEK,14.03.2021 - 13:30
1291,https://www.tff.org/Default.aspx?pageId=29&macId=219262,BÜYÜKŞEHİR BELEDİYE ERZURUMSPOR,0,TRABZONSPOR A.Ş.,0,ERZURUM KAZIM KARABEKİR - ERZURUM,ALİ PALABIYIK,14.03.2021 - 16:00
1300,https://www.tff.org/Default.aspx?pageId=29&macId=219271,GAZİANTEP FUTBOL KULÜBÜ A.Ş.,2,YUKATEL DENİZLİSPOR,0,KALYON STADYUMU - GAZİANTEP,ATİLLA KARAOĞLAN,14.03.2021 - 16:00
1298,https://www.tff.org/Default.aspx?pageId=29&macId=219269,FENERBAHÇE A.Ş.,1,GENÇLERBİRLİĞİ,2,ÜLKER STADYUMU FB ŞÜKRÜ SARACOĞLU SPOR KOMPLEKSİ -,ABDULKADİR BİTİGEN,14.03.2021 - 19:00
1297,https://www.tff.org/Default.aspx?pageId=29&macId=219268,KASIMPAŞA A.Ş.,1,İTTİFAK HOLDİNG KONYASPOR,1,RECEP TAYYİP ERDOĞAN STADYUMU - İSTANBUL,VOLKAN BAYARSLAN,15.03.2021 - 19:00
1304,https://www.tff.org/Default.aspx?pageId=29&macId=219275,FATİH KARAGÜMRÜK A.Ş.,3,HES KABLO KAYSERİSPOR,0,ATATÜRK OLİMPİYAT - İSTANBUL,BAHATTİN ŞİMŞEK,19.03.2021 - 16:00
1305,https://www.tff.org/Default.aspx?pageId=29&macId=219276,GALATASARAY A.Ş.,3,ÇAYKUR RİZESPOR A.Ş.,4,ALİ SAMİ YEN SPOR KOMPLEKSİ TÜRK TELEKOM STADYUMU ,VOLKAN BAYARSLAN,19.03.2021 - 19:00
1307,https://www.tff.org/Default.aspx?pageId=29&macId=219278,GENÇLERBİRLİĞİ,2,KASIMPAŞA A.Ş.,1,ERYAMAN STADYUMU - ANKARA - ETİMESGUT,ARDA KARDEŞLER,20.03.2021 - 13:30
1303,https://www.tff.org/Default.aspx?pageId=29&macId=219274,GÖZTEPE A.Ş.,3,DEMİR GRUP SİVASSPOR,5,GÜRSEL AKSEL STADYUMU - İZMİR,YASİN KOL,20.03.2021 - 16:00
1310,https://www.tff.org/Default.aspx?pageId=29&macId=219281,YENİ MALATYASPOR,2,GAZİANTEP FUTBOL KULÜBÜ A.Ş.,2,YENİ MALATYA STADYUMU - MALATYA - MALATYA MERKEZ,MERT GÜZENGE,20.03.2021 - 16:00
1302,https://www.tff.org/Default.aspx?pageId=29&macId=219273,TRABZONSPOR A.Ş.,4,MKE ANKARAGÜCÜ,1,ŞENOL GÜNEŞ SPOR KOMPLEKSİ - TRABZON - TRABZON MER,ZORBAY KÜÇÜK,20.03.2021 - 19:00
1301,https://www.tff.org/Default.aspx?pageId=29&macId=219272,FRAPORT-TAV ANTALYASPOR,3,BÜYÜKŞEHİR BELEDİYE ERZURUMSPOR,1,ANTALYA STADYUMU - ANTALYA,ERKAN ÖZDAMAR,21.03.2021 - 13:30
1306,https://www.tff.org/Default.aspx?pageId=29&macId=219277,İTTİFAK HOLDİNG KONYASPOR,1,AYTEMİZ ALANYASPOR,0,MEDAŞ KONYA BÜYÜKŞEHİR STADYUMU - KONYA,KORAY GENÇERLER,21.03.2021 - 13:30
1309,https://www.tff.org/Default.aspx?pageId=29&macId=219280,YUKATEL DENİZLİSPOR,0,MEDİPOL BAŞAKŞEHİR FK,0,DENİZLİ ATATÜRK STADI - DENİZLİ,TUGAY KAAN NUMANOĞLU,21.03.2021 - 16:00
1308,https://www.tff.org/Default.aspx?pageId=29&macId=219279,BEŞİKTAŞ A.Ş.,1,FENERBAHÇE A.Ş.,1,VODAFONE PARK - İSTANBUL - BEŞİKTAŞ,HALİL UMUT MELER,21.03.2021 - 19:00
1314,https://www.tff.org/Default.aspx?pageId=29&macId=219285,HES KABLO KAYSERİSPOR,1,GÖZTEPE A.Ş.,1,BÜYÜKŞEHİR BELEDİYESİ KADİR HAS - KAYSERİ,BURAK ŞEKER,3.04.2021 - 13:30
1313,https://www.tff.org/Default.aspx?pageId=29&macId=219284,DEMİR GRUP SİVASSPOR,0,TRABZONSPOR A.Ş.,0,YENİ 4 EYLÜL STADI - SİVAS,METE KALKAVAN,3.04.2021 - 16:00
1315,https://www.tff.org/Default.aspx?pageId=29&macId=219286,ÇAYKUR RİZESPOR A.Ş.,0,FATİH KARAGÜMRÜK A.Ş.,0,ÇAYKUR DİDİ - RİZE,ÜMİT ÖZTÜRK,3.04.2021 - 16:00
1316,https://www.tff.org/Default.aspx?pageId=29&macId=219287,ATAKAŞ HATAYSPOR,3,GALATASARAY A.Ş.,0,ANTAKYA ATATÜRK STADI - HATAY,ABDULKADİR BİTİGEN,3.04.2021 - 19:00
1311,https://www.tff.org/Default.aspx?pageId=29&macId=219282,BÜYÜKŞEHİR BELEDİYE ERZURUMSPOR,1,İTTİFAK HOLDİNG KONYASPOR,2,ERZURUM KAZIM KARABEKİR - ERZURUM,SARPER BARIŞ SAKA,4.04.2021 - 13:30
1312,https://www.tff.org/Default.aspx?pageId=29&macId=219283,MKE ANKARAGÜCÜ,1,FRAPORT-TAV ANTALYASPOR,0,ERYAMAN STADYUMU - ANKARA - ETİMESGUT,ALİ PALABIYIK,4.04.2021 - 16:00
1317,https://www.tff.org/Default.aspx?pageId=29&macId=219288,AYTEMİZ ALANYASPOR,1,GENÇLERBİRLİĞİ,2,BAHÇEŞEHİR OKULLARI STADYUMU - ANTALYA - ALANYA,ALİ ŞANSALAN,4.04.2021 - 16:00
1320,https://www.tff.org/Default.aspx?pageId=29&macId=219291,MEDİPOL BAŞAKŞEHİR FK,3,YENİ MALATYASPOR,1,BAŞAKŞEHİR FATİH TERİM - İSTANBUL - BAŞAKŞEHİR,YAŞAR KEMAL UĞURLU,4.04.2021 - 16:00
1318,https://www.tff.org/Default.aspx?pageId=29&macId=219289,KASIMPAŞA A.Ş.,1,BEŞİKTAŞ A.Ş.,0,RECEP TAYYİP ERDOĞAN STADYUMU - İSTANBUL,HALİL UMUT MELER,4.04.2021 - 19:00
1319,https://www.tff.org/Default.aspx?pageId=29&macId=219290,FENERBAHÇE A.Ş.,1,YUKATEL DENİZLİSPOR,0,ÜLKER STADYUMU FB ŞÜKRÜ SARACOĞLU SPOR KOMPLEKSİ -,CÜNEYT ÇAKIR,5.04.2021 - 19:00
1325,https://www.tff.org/Default.aspx?pageId=29&macId=219296,GÖZTEPE A.Ş.,2,ÇAYKUR RİZESPOR A.Ş.,0,GÜRSEL AKSEL STADYUMU - İZMİR,MUSTAFA ÖĞRETMENOĞLU,6.04.2021 - 16:00
1326,https://www.tff.org/Default.aspx?pageId=29&macId=219297,FATİH KARAGÜMRÜK A.Ş.,1,ATAKAŞ HATAYSPOR,0,ATATÜRK OLİMPİYAT - İSTANBUL,VOLKAN BAYARSLAN,6.04.2021 - 16:00
1324,https://www.tff.org/Default.aspx?pageId=29&macId=219295,TRABZONSPOR A.Ş.,1,HES KABLO KAYSERİSPOR,1,ŞENOL GÜNEŞ SPOR KOMPLEKSİ - TRABZON - TRABZON MER,ATİLLA KARAOĞLAN,6.04.2021 - 19:00
1321,https://www.tff.org/Default.aspx?pageId=29&macId=219292,GENÇLERBİRLİĞİ,1,BÜYÜKŞEHİR BELEDİYE ERZURUMSPOR,1,ERYAMAN STADYUMU - ANKARA - ETİMESGUT,SUAT ARSLANBOĞA,7.04.2021 - 16:00
1322,https://www.tff.org/Default.aspx?pageId=29&macId=219293,İTTİFAK HOLDİNG KONYASPOR,1,MKE ANKARAGÜCÜ,1,MEDAŞ KONYA BÜYÜKŞEHİR STADYUMU - KONYA,ARDA KARDEŞLER,7.04.2021 - 16:00
1323,https://www.tff.org/Default.aspx?pageId=29&macId=219294,FRAPORT-TAV ANTALYASPOR,2,DEMİR GRUP SİVASSPOR,4,ANTALYA STADYUMU - ANTALYA,ÖZGÜR YANKAYA,7.04.2021 - 19:00
1327,https://www.tff.org/Default.aspx?pageId=29&macId=219298,BEŞİKTAŞ A.Ş.,3,AYTEMİZ ALANYASPOR,0,VODAFONE PARK - İSTANBUL - BEŞİKTAŞ,ÜMİT ÖZTÜRK,7.04.2021 - 19:00
1328,https://www.tff.org/Default.aspx?pageId=29&macId=219299,YUKATEL DENİZLİSPOR,1,KASIMPAŞA A.Ş.,1,DENİZLİ ATATÜRK STADI - DENİZLİ,ALPER ULUSOY,8.04.2021 - 16:00
1330,https://www.tff.org/Default.aspx?pageId=29&macId=219301,GAZİANTEP FUTBOL KULÜBÜ A.Ş.,2,MEDİPOL BAŞAKŞEHİR FK,0,KALYON STADYUMU - GAZİANTEP,ABDULKADİR BİTİGEN,8.04.2021 - 16:00
1329,https://www.tff.org/Default.aspx?pageId=29&macId=219300,HELENEX YENİ MALATYASPOR,1,FENERBAHÇE A.Ş.,1,YENİ MALATYA STADYUMU - MALATYA - MALATYA MERKEZ,HALİS ÖZKAHYA,8.04.2021 - 19:00
1336,https://www.tff.org/Default.aspx?pageId=29&macId=219307,ATAKAŞ HATAYSPOR,2,GÖZTEPE A.Ş.,3,ANTAKYA ATATÜRK STADI - HATAY,ERKAN ÖZDAMAR,10.04.2021 - 13:30
1335,https://www.tff.org/Default.aspx?pageId=29&macId=219306,ÇAYKUR RİZESPOR A.Ş.,0,TRABZONSPOR A.Ş.,0,ÇAYKUR DİDİ - RİZE,CÜNEYT ÇAKIR,10.04.2021 - 16:00
1337,https://www.tff.org/Default.aspx?pageId=29&macId=219308,GALATASARAY A.Ş.,1,FATİH KARAGÜMRÜK A.Ş.,1,ALİ SAMİ YEN SPOR KOMPLEKSİ TÜRK TELEKOM STADYUMU ,ALİ PALABIYIK,10.04.2021 - 19:00
1333,https://www.tff.org/Default.aspx?pageId=29&macId=219304,DEMİR GRUP SİVASSPOR,3,İTTİFAK HOLDİNG KONYASPOR,1,YENİ 4 EYLÜL STADI - SİVAS,ZORBAY KÜÇÜK,11.04.2021 - 13:30
1332,https://www.tff.org/Default.aspx?pageId=29&macId=219303,MKE ANKARAGÜCÜ,2,GENÇLERBİRLİĞİ,1,ERYAMAN STADYUMU - ANKARA - ETİMESGUT,SERKAN TOKAT,11.04.2021 - 16:00
1334,https://www.tff.org/Default.aspx?pageId=29&macId=219305,HES KABLO KAYSERİSPOR,0,FRAPORT-TAV ANTALYASPOR,1,BÜYÜKŞEHİR BELEDİYESİ KADİR HAS - KAYSERİ,TUGAY KAAN NUMANOĞLU,11.04.2021 - 16:00
1331,https://www.tff.org/Default.aspx?pageId=29&macId=219302,BÜYÜKŞEHİR BELEDİYE ERZURUMSPOR,2,BEŞİKTAŞ A.Ş.,4,ERZURUM KAZIM KARABEKİR - ERZURUM,YAŞAR KEMAL UĞURLU,11.04.2021 - 19:00
1339,https://www.tff.org/Default.aspx?pageId=29&macId=219310,KASIMPAŞA A.Ş.,0,HELENEX YENİ MALATYASPOR,0,RECEP TAYYİP ERDOĞAN STADYUMU - İSTANBUL,BAHATTİN ŞİMŞEK,12.04.2021 - 16:00
1338,https://www.tff.org/Default.aspx?pageId=29&macId=219309,AYTEMİZ ALANYASPOR,3,YUKATEL DENİZLİSPOR,2,BAHÇEŞEHİR OKULLARI STADYUMU - ANTALYA - ALANYA,YASİN KOL,12.04.2021 - 19:00
1340,https://www.tff.org/Default.aspx?pageId=29&macId=219311,FENERBAHÇE A.Ş.,3,GAZİANTEP FUTBOL KULÜBÜ A.Ş.,1,ÜLKER STADYUMU FB ŞÜKRÜ SARACOĞLU SPOR KOMPLEKSİ -,METE KALKAVAN,12.04.2021 - 19:00
1343,https://www.tff.org/Default.aspx?pageId=29&macId=219314,GENÇLERBİRLİĞİ,2,DEMİR GRUP SİVASSPOR,3,ERYAMAN STADYUMU - ANKARA - ETİMESGUT,ÜMİT ÖZTÜRK,16.04.2021 - 16:00
1344,https://www.tff.org/Default.aspx?pageId=29&macId=219315,İTTİFAK HOLDİNG KONYASPOR,0,HES KABLO KAYSERİSPOR,0,MEDAŞ KONYA BÜYÜKŞEHİR STADYUMU - KONYA,ALİ ŞANSALAN,16.04.2021 - 16:00
1342,https://www.tff.org/Default.aspx?pageId=29&macId=219313,BEŞİKTAŞ A.Ş.,2,MKE ANKARAGÜCÜ,2,VODAFONE PARK - İSTANBUL - BEŞİKTAŞ,HALİS ÖZKAHYA,16.04.2021 - 19:00
1345,https://www.tff.org/Default.aspx?pageId=29&macId=219316,FRAPORT-TAV ANTALYASPOR,2,ÇAYKUR RİZESPOR A.Ş.,3,ANTALYA STADYUMU - ANTALYA,SUAT ARSLANBOĞA,16.04.2021 - 19:00
1341,https://www.tff.org/Default.aspx?pageId=29&macId=219312,YUKATEL DENİZLİSPOR,2,BÜYÜKŞEHİR BELEDİYE ERZURUMSPOR,3,DENİZLİ ATATÜRK STADI - DENİZLİ,HALİL UMUT MELER,17.04.2021 - 13:30
1346,https://www.tff.org/Default.aspx?pageId=29&macId=219317,TRABZONSPOR A.Ş.,1,ATAKAŞ HATAYSPOR,1,ŞENOL GÜNEŞ SPOR KOMPLEKSİ - TRABZON - TRABZON MER,ZORBAY KÜÇÜK,17.04.2021 - 16:00
1348,https://www.tff.org/Default.aspx?pageId=29&macId=219319,HELENEX YENİ MALATYASPOR,1,AYTEMİZ ALANYASPOR,0,YENİ MALATYA STADYUMU - MALATYA - MALATYA MERKEZ,ATİLLA KARAOĞLAN,17.04.2021 - 16:00
1347,https://www.tff.org/Default.aspx?pageId=29&macId=219318,GÖZTEPE A.Ş.,1,GALATASARAY A.Ş.,3,GÜRSEL AKSEL STADYUMU - İZMİR,FIRAT AYDINUS,17.04.2021 - 19:00
1349,https://www.tff.org/Default.aspx?pageId=29&macId=219320,GAZİANTEP FUTBOL KULÜBÜ A.Ş.,2,KASIMPAŞA A.Ş.,2,KALYON STADYUMU - GAZİANTEP,ARDA KARDEŞLER,18.04.2021 - 16:00
1350,https://www.tff.org/Default.aspx?pageId=29&macId=219321,MEDİPOL BAŞAKŞEHİR FK,1,FENERBAHÇE A.Ş.,2,BAŞAKŞEHİR FATİH TERİM - İSTANBUL - BAŞAKŞEHİR,CÜNEYT ÇAKIR,18.04.2021 - 19:00
1354,https://www.tff.org/Default.aspx?pageId=29&macId=219325,HES KABLO KAYSERİSPOR,2,GENÇLERBİRLİĞİ,2,BÜYÜKŞEHİR BELEDİYESİ KADİR HAS - KAYSERİ,ALPER ULUSOY,20.04.2021 - 16:00
1355,https://www.tff.org/Default.aspx?pageId=29&macId=219326,ÇAYKUR RİZESPOR A.Ş.,5,İTTİFAK HOLDİNG KONYASPOR,3,ÇAYKUR DİDİ - RİZE,ÖZGÜR YANKAYA,20.04.2021 - 16:00
1358,https://www.tff.org/Default.aspx?pageId=29&macId=219329,FATİH KARAGÜMRÜK A.Ş.,1,GÖZTEPE A.Ş.,1,ATATÜRK OLİMPİYAT - İSTANBUL,TUGAY KAAN NUMANOĞLU,20.04.2021 - 16:00
1353,https://www.tff.org/Default.aspx?pageId=29&macId=219324,DEMİR GRUP SİVASSPOR,0,BEŞİKTAŞ A.Ş.,0,YENİ 4 EYLÜL STADI - SİVAS,FIRAT AYDINUS,20.04.2021 - 19:00
1356,https://www.tff.org/Default.aspx?pageId=29&macId=219327,ATAKAŞ HATAYSPOR,3,FRAPORT-TAV ANTALYASPOR,2,ANTAKYA ATATÜRK STADI - HATAY,BAHATTİN ŞİMŞEK,20.04.2021 - 19:00
1351,https://www.tff.org/Default.aspx?pageId=29&macId=219322,BÜYÜKŞEHİR BELEDİYE ERZURUMSPOR,1,HELENEX YENİ MALATYASPOR,0,ERZURUM KAZIM KARABEKİR - ERZURUM,ALİ PALABIYIK,21.04.2021 - 16:00
1352,https://www.tff.org/Default.aspx?pageId=29&macId=219323,MKE ANKARAGÜCÜ,1,YUKATEL DENİZLİSPOR,1,ERYAMAN STADYUMU - ANKARA - ETİMESGUT,ABDULKADİR BİTİGEN,21.04.2021 - 16:00
1357,https://www.tff.org/Default.aspx?pageId=29&macId=219328,GALATASARAY A.Ş.,1,TRABZONSPOR A.Ş.,1,ALİ SAMİ YEN SPOR KOMPLEKSİ TÜRK TELEKOM STADYUMU ,METE KALKAVAN,21.04.2021 - 19:00
1359,https://www.tff.org/Default.aspx?pageId=29&macId=219330,AYTEMİZ ALANYASPOR,3,GAZİANTEP FUTBOL KULÜBÜ A.Ş.,2,BAHÇEŞEHİR OKULLARI STADYUMU - ANTALYA - ALANYA,SUAT ARSLANBOĞA,22.04.2021 - 16:00
1360,https://www.tff.org/Default.aspx?pageId=29&macId=219331,KASIMPAŞA A.Ş.,0,MEDİPOL BAŞAKŞEHİR FK,1,RECEP TAYYİP ERDOĞAN STADYUMU - İSTANBUL,YAŞAR KEMAL UĞURLU,22.04.2021 - 19:00
1365,https://www.tff.org/Default.aspx?pageId=29&macId=219336,GENÇLERBİRLİĞİ,2,ÇAYKUR RİZESPOR A.Ş.,1,ERYAMAN STADYUMU - ANKARA - ETİMESGUT,BAHATTİN ŞİMŞEK,23.04.2021 - 20:30
1366,https://www.tff.org/Default.aspx?pageId=29&macId=219337,İTTİFAK HOLDİNG KONYASPOR,0,ATAKAŞ HATAYSPOR,0,MEDAŞ KONYA BÜYÜKŞEHİR STADYUMU - KONYA,ATİLLA KARAOĞLAN,24.04.2021 - 13:30
1368,https://www.tff.org/Default.aspx?pageId=29&macId=219339,TRABZONSPOR A.Ş.,2,FATİH KARAGÜMRÜK A.Ş.,0,ŞENOL GÜNEŞ SPOR KOMPLEKSİ - TRABZON - TRABZON MER,ALİ ŞANSALAN,24.04.2021 - 16:00
1363,https://www.tff.org/Default.aspx?pageId=29&macId=219334,YUKATEL DENİZLİSPOR,1,DEMİR GRUP SİVASSPOR,1,DENİZLİ ATATÜRK STADI - DENİZLİ,HÜSEYİN GÖÇEK,24.04.2021 - 20:30
1364,https://www.tff.org/Default.aspx?pageId=29&macId=219335,BEŞİKTAŞ A.Ş.,3,HES KABLO KAYSERİSPOR,1,VODAFONE PARK - İSTANBUL - BEŞİKTAŞ,CÜNEYT ÇAKIR,24.04.2021 - 20:30
1367,https://www.tff.org/Default.aspx?pageId=29&macId=219338,FRAPORT-TAV ANTALYASPOR,0,GALATASARAY A.Ş.,1,ANTALYA STADYUMU - ANTALYA,METE KALKAVAN,24.04.2021 - 20:30
1362,https://www.tff.org/Default.aspx?pageId=29&macId=219333,HELENEX YENİ MALATYASPOR,2,MKE ANKARAGÜCÜ,1,YENİ MALATYA STADYUMU - MALATYA - MALATYA MERKEZ,ÜMİT ÖZTÜRK,25.04.2021 - 13:30
1361,https://www.tff.org/Default.aspx?pageId=29&macId=219332,GAZİANTEP FUTBOL KULÜBÜ A.Ş.,2,BÜYÜKŞEHİR BELEDİYE ERZURUMSPOR,3,KALYON STADYUMU - GAZİANTEP,HALİS ÖZKAHYA,25.04.2021 - 16:00
1369,https://www.tff.org/Default.aspx?pageId=29&macId=219340,MEDİPOL BAŞAKŞEHİR FK,0,AYTEMİZ ALANYASPOR,0,BAŞAKŞEHİR FATİH TERİM - İSTANBUL - BAŞAKŞEHİR,ÖZGÜR YANKAYA,25.04.2021 - 16:00
1370,https://www.tff.org/Default.aspx?pageId=29&macId=219341,FENERBAHÇE A.Ş.,3,KASIMPAŞA A.Ş.,2,ÜLKER STADYUMU FB ŞÜKRÜ SARACOĞLU SPOR KOMPLEKSİ -,FIRAT AYDINUS,25.04.2021 - 20:30
1376,https://www.tff.org/Default.aspx?pageId=29&macId=219347,ATAKAŞ HATAYSPOR,3,GENÇLERBİRLİĞİ,1,ANTAKYA ATATÜRK STADI - HATAY,ARDA KARDEŞLER,27.04.2021 - 20:30
1374,https://www.tff.org/Default.aspx?pageId=29&macId=219345,HES KABLO KAYSERİSPOR,6,YUKATEL DENİZLİSPOR,3,BÜYÜKŞEHİR BELEDİYESİ KADİR HAS - KAYSERİ,ÖZGÜR YANKAYA,28.04.2021 - 16:00
1378,https://www.tff.org/Default.aspx?pageId=29&macId=219349,FATİH KARAGÜMRÜK A.Ş.,2,FRAPORT-TAV ANTALYASPOR,2,BURSA BÜYÜKŞEHİR BELEDİYE STADYUMU - BURSA,ZORBAY KÜÇÜK,28.04.2021 - 16:00
1379,https://www.tff.org/Default.aspx?pageId=29&macId=219350,GÖZTEPE A.Ş.,1,TRABZONSPOR A.Ş.,1,GÜRSEL AKSEL STADYUMU - İZMİR,TUGAY KAAN NUMANOĞLU,28.04.2021 - 16:00
1375,https://www.tff.org/Default.aspx?pageId=29&macId=219346,ÇAYKUR RİZESPOR A.Ş.,2,BEŞİKTAŞ A.Ş.,3,ÇAYKUR DİDİ - RİZE,ABDULKADİR BİTİGEN,28.04.2021 - 20:30
1377,https://www.tff.org/Default.aspx?pageId=29&macId=219348,GALATASARAY A.Ş.,1,İTTİFAK HOLDİNG KONYASPOR,0,ALİ SAMİ YEN SPOR KOMPLEKSİ TÜRK TELEKOM STADYUMU ,CÜNEYT ÇAKIR,28.04.2021 - 20:30
1371,https://www.tff.org/Default.aspx?pageId=29&macId=219342,BÜYÜKŞEHİR BELEDİYE ERZURUMSPOR,1,MEDİPOL BAŞAKŞEHİR FK,2,ERZURUM KAZIM KARABEKİR - ERZURUM,FIRAT AYDINUS,29.04.2021 - 16:00
1373,https://www.tff.org/Default.aspx?pageId=29&macId=219344,DEMİR GRUP SİVASSPOR,1,HELENEX YENİ MALATYASPOR,0,YENİ 4 EYLÜL STADI - SİVAS,ALPER ULUSOY,29.04.2021 - 16:00
1372,https://www.tff.org/Default.aspx?pageId=29&macId=219343,MKE ANKARAGÜCÜ,0,GAZİANTEP FUTBOL KULÜBÜ A.Ş.,1,ERYAMAN STADYUMU - ANKARA - ETİMESGUT,HÜSEYİN GÖÇEK,29.04.2021 - 20:30
1380,https://www.tff.org/Default.aspx?pageId=29&macId=219351,AYTEMİZ ALANYASPOR,0,FENERBAHÇE A.Ş.,0,BAHÇEŞEHİR OKULLARI STADYUMU - ANTALYA - ALANYA,YAŞAR KEMAL UĞURLU,29.04.2021 - 20:30
1386,https://www.tff.org/Default.aspx?pageId=29&macId=219357,BEŞİKTAŞ A.Ş.,7,ATAKAŞ HATAYSPOR,0,VODAFONE PARK - İSTANBUL - BEŞİKTAŞ,ALİ PALABIYIK,1.05.2021 - 20:30
1385,https://www.tff.org/Default.aspx?pageId=29&macId=219356,YUKATEL DENİZLİSPOR,0,ÇAYKUR RİZESPOR A.Ş.,1,DENİZLİ ATATÜRK STADI - DENİZLİ,HÜSEYİN GÖÇEK,2.05.2021 - 16:00
1388,https://www.tff.org/Default.aspx?pageId=29&macId=219359,İTTİFAK HOLDİNG KONYASPOR,5,FATİH KARAGÜMRÜK A.Ş.,1,MEDAŞ KONYA BÜYÜKŞEHİR STADYUMU - KONYA,BAHATTİN ŞİMŞEK,2.05.2021 - 16:00
1389,https://www.tff.org/Default.aspx?pageId=29&macId=219360,FRAPORT-TAV ANTALYASPOR,2,GÖZTEPE A.Ş.,3,ANTALYA STADYUMU - ANTALYA,ATİLLA KARAOĞLAN,2.05.2021 - 16:00
1387,https://www.tff.org/Default.aspx?pageId=29&macId=219358,GENÇLERBİRLİĞİ,0,GALATASARAY A.Ş.,2,ERYAMAN STADYUMU - ANKARA - ETİMESGUT,HALİS ÖZKAHYA,2.05.2021 - 20:30
1382,https://www.tff.org/Default.aspx?pageId=29&macId=219353,MEDİPOL BAŞAKŞEHİR FK,2,MKE ANKARAGÜCÜ,1,BAŞAKŞEHİR FATİH TERİM - İSTANBUL - BAŞAKŞEHİR,HALİL UMUT MELER,3.05.2021 - 16:00
1384,https://www.tff.org/Default.aspx?pageId=29&macId=219355,HELENEX YENİ MALATYASPOR,1,HES KABLO KAYSERİSPOR,1,YENİ MALATYA STADYUMU - MALATYA - MALATYA MERKEZ,ARDA KARDEŞLER,3.05.2021 - 16:00
1390,https://www.tff.org/Default.aspx?pageId=29&macId=219361,KASIMPAŞA A.Ş.,3,AYTEMİZ ALANYASPOR,0,RECEP TAYYİP ERDOĞAN STADYUMU - İSTANBUL,ALİ ŞANSALAN,3.05.2021 - 16:00
1381,https://www.tff.org/Default.aspx?pageId=29&macId=219352,FENERBAHÇE A.Ş.,3,BÜYÜKŞEHİR BELEDİYE ERZURUMSPOR,1,ÜLKER STADYUMU FB ŞÜKRÜ SARACOĞLU SPOR KOMPLEKSİ -,METE KALKAVAN,3.05.2021 - 20:30
1383,https://www.tff.org/Default.aspx?pageId=29&macId=219354,GAZİANTEP FUTBOL KULÜBÜ A.Ş.,0,DEMİR GRUP SİVASSPOR,1,KALYON STADYUMU - GAZİANTEP,MUSTAFA ÖĞRETMENOĞLU,3.05.2021 - 20:30
1391,https://www.tff.org/Default.aspx?pageId=29&macId=219362,BÜYÜKŞEHİR BELEDİYE ERZURUMSPOR,0,KASIMPAŞA A.Ş.,1,ERZURUM KAZIM KARABEKİR - ERZURUM,HALİL UMUT MELER,8.05.2021 - 20:30
1392,https://www.tff.org/Default.aspx?pageId=29&macId=219363,MKE ANKARAGÜCÜ,1,FENERBAHÇE A.Ş.,2,ERYAMAN STADYUMU - ANKARA - ETİMESGUT,FIRAT AYDINUS,8.05.2021 - 20:30
1393,https://www.tff.org/Default.aspx?pageId=29&macId=219364,DEMİR GRUP SİVASSPOR,0,MEDİPOL BAŞAKŞEHİR FK,0,YENİ 4 EYLÜL STADI - SİVAS,ALİ PALABIYIK,8.05.2021 - 20:30
1394,https://www.tff.org/Default.aspx?pageId=29&macId=219365,HES KABLO KAYSERİSPOR,0,GAZİANTEP FUTBOL KULÜBÜ A.Ş.,0,BÜYÜKŞEHİR BELEDİYESİ KADİR HAS - KAYSERİ,ÜMİT ÖZTÜRK,8.05.2021 - 20:30
1395,https://www.tff.org/Default.aspx?pageId=29&macId=219366,ÇAYKUR RİZESPOR A.Ş.,0,HELENEX YENİ MALATYASPOR,4,ÇAYKUR DİDİ - RİZE,YAŞAR KEMAL UĞURLU,8.05.2021 - 20:30
1396,https://www.tff.org/Default.aspx?pageId=29&macId=219367,ATAKAŞ HATAYSPOR,1,YUKATEL DENİZLİSPOR,0,ANTAKYA ATATÜRK STADI - HATAY,ERKAN ÖZDAMAR,8.05.2021 - 20:30
1397,https://www.tff.org/Default.aspx?pageId=29&macId=219368,GALATASARAY A.Ş.,3,BEŞİKTAŞ A.Ş.,1,ALİ SAMİ YEN SPOR KOMPLEKSİ TÜRK TELEKOM STADYUMU ,CÜNEYT ÇAKIR,8.05.2021 - 20:30
1398,https://www.tff.org/Default.aspx?pageId=29&macId=219369,FATİH KARAGÜMRÜK A.Ş.,5,GENÇLERBİRLİĞİ,1,BAŞAKŞEHİR FATİH TERİM - İSTANBUL - BAŞAKŞEHİR,ÖZGÜR YANKAYA,8.05.2021 - 20:30
1399,https://www.tff.org/Default.aspx?pageId=29&macId=219370,GÖZTEPE A.Ş.,0,İTTİFAK HOLDİNG KONYASPOR,1,GÜRSEL AKSEL STADYUMU - İZMİR,ARDA KARDEŞLER,8.05.2021 - 20:30
1400,https://www.tff.org/Default.aspx?pageId=29&macId=219371,TRABZONSPOR A.Ş.,2,FRAPORT-TAV ANTALYASPOR,1,ŞENOL GÜNEŞ SPOR KOMPLEKSİ - TRABZON - TRABZON MER,ABDULKADİR BİTİGEN,8.05.2021 - 20:30
1410,https://www.tff.org/Default.aspx?pageId=29&macId=219381,İTTİFAK HOLDİNG KONYASPOR,1,TRABZONSPOR A.Ş.,1,MEDAŞ KONYA BÜYÜKŞEHİR STADYUMU - KONYA,ALİ ŞANSALAN,11.05.2021 - 17:00
1401,https://www.tff.org/Default.aspx?pageId=29&macId=219372,AYTEMİZ ALANYASPOR,2,BÜYÜKŞEHİR BELEDİYE ERZURUMSPOR,3,BAHÇEŞEHİR OKULLARI STADYUMU - ANTALYA - ALANYA,ALPER ULUSOY,11.05.2021 - 20:30
1402,https://www.tff.org/Default.aspx?pageId=29&macId=219373,KASIMPAŞA A.Ş.,3,MKE ANKARAGÜCÜ,1,RECEP TAYYİP ERDOĞAN STADYUMU - İSTANBUL,METE KALKAVAN,11.05.2021 - 20:30
1403,https://www.tff.org/Default.aspx?pageId=29&macId=219374,FENERBAHÇE A.Ş.,1,DEMİR GRUP SİVASSPOR,2,ÜLKER STADYUMU FB ŞÜKRÜ SARACOĞLU SPOR KOMPLEKSİ -,HALİS ÖZKAHYA,11.05.2021 - 20:30
1404,https://www.tff.org/Default.aspx?pageId=29&macId=219375,MEDİPOL BAŞAKŞEHİR FK,0,HES KABLO KAYSERİSPOR,0,BAŞAKŞEHİR FATİH TERİM - İSTANBUL - BAŞAKŞEHİR,YAŞAR KEMAL UĞURLU,11.05.2021 - 20:30
1405,https://www.tff.org/Default.aspx?pageId=29&macId=219376,GAZİANTEP FUTBOL KULÜBÜ A.Ş.,4,ÇAYKUR RİZESPOR A.Ş.,5,KALYON STADYUMU - GAZİANTEP,ZORBAY KÜÇÜK,11.05.2021 - 20:30
1406,https://www.tff.org/Default.aspx?pageId=29&macId=219377,HELENEX YENİ MALATYASPOR,1,ATAKAŞ HATAYSPOR,1,YENİ MALATYA STADYUMU - MALATYA - MALATYA MERKEZ,HALİL UMUT MELER,11.05.2021 - 20:30
1407,https://www.tff.org/Default.aspx?pageId=29&macId=219378,YUKATEL DENİZLİSPOR,1,GALATASARAY A.Ş.,4,DENİZLİ ATATÜRK STADI - DENİZLİ,ABDULKADİR BİTİGEN,11.05.2021 - 20:30
1408,https://www.tff.org/Default.aspx?pageId=29&macId=219379,BEŞİKTAŞ A.Ş.,1,FATİH KARAGÜMRÜK A.Ş.,2,VODAFONE PARK - İSTANBUL - BEŞİKTAŞ,ALİ PALABIYIK,11.05.2021 - 20:30
1409,https://www.tff.org/Default.aspx?pageId=29&macId=219380,GENÇLERBİRLİĞİ,5,GÖZTEPE A.Ş.,3,ERYAMAN STADYUMU - ANKARA - ETİMESGUT,SUAT ARSLANBOĞA,11.05.2021 - 20:30
1411,https://www.tff.org/Default.aspx?pageId=29&macId=219382,MKE ANKARAGÜCÜ,0,AYTEMİZ ALANYASPOR,1,ERYAMAN STADYUMU - ANKARA - ETİMESGUT,ÜMİT ÖZTÜRK,15.05.2021 - 18:00
1412,https://www.tff.org/Default.aspx?pageId=29&macId=219383,DEMİR GRUP SİVASSPOR,2,KASIMPAŞA A.Ş.,1,YENİ 4 EYLÜL STADI - SİVAS,MUSTAFA ÖĞRETMENOĞLU,15.05.2021 - 18:00
1414,https://www.tff.org/Default.aspx?pageId=29&macId=219385,ÇAYKUR RİZESPOR A.Ş.,0,MEDİPOL BAŞAKŞEHİR FK,2,ÇAYKUR DİDİ - RİZE,KORAY GENÇERLER,15.05.2021 - 18:00
1415,https://www.tff.org/Default.aspx?pageId=29&macId=219386,ATAKAŞ HATAYSPOR,0,GAZİANTEP FUTBOL KULÜBÜ A.Ş.,1,ANTAKYA ATATÜRK STADI - HATAY,SERKAN TOKAT,15.05.2021 - 18:00
1417,https://www.tff.org/Default.aspx?pageId=29&macId=219388,FATİH KARAGÜMRÜK A.Ş.,5,YUKATEL DENİZLİSPOR,1,ATATÜRK OLİMPİYAT - İSTANBUL,ATİLLA KARAOĞLAN,15.05.2021 - 18:00
1420,https://www.tff.org/Default.aspx?pageId=29&macId=219391,FRAPORT-TAV ANTALYASPOR,0,İTTİFAK HOLDİNG KONYASPOR,0,ANTALYA STADYUMU - ANTALYA,SUAT ARSLANBOĞA,15.05.2021 - 18:00
1413,https://www.tff.org/Default.aspx?pageId=29&macId=219384,HES KABLO KAYSERİSPOR,1,FENERBAHÇE A.Ş.,2,BÜYÜKŞEHİR BELEDİYESİ KADİR HAS - KAYSERİ,HALİL UMUT MELER,15.05.2021 - 20:30
1416,https://www.tff.org/Default.aspx?pageId=29&macId=219387,GALATASARAY A.Ş.,3,HELENEX YENİ MALATYASPOR,1,ALİ SAMİ YEN SPOR KOMPLEKSİ TÜRK TELEKOM STADYUMU ,CÜNEYT ÇAKIR,15.05.2021 - 20:30
1418,https://www.tff.org/Default.aspx?pageId=29&macId=219389,GÖZTEPE A.Ş.,1,BEŞİKTAŞ A.Ş.,2,GÜRSEL AKSEL STADYUMU - İZMİR,FIRAT AYDINUS,15.05.2021 - 20:30
1419,https://www.tff.org/Default.aspx?pageId=29&macId=219390,TRABZONSPOR A.Ş.,2,GENÇLERBİRLİĞİ,1,ŞENOL GÜNEŞ SPOR KOMPLEKSİ - TRABZON - TRABZON MER,TUGAY KAAN NUMANOĞLU,15.05.2021 - 20:30
