Mac_kodu,TFF_mac_linki,Ev_sahibi,Ev_sahibi_gol,Misafir_takim,Misafir_takim_gol,Stat,Ana_hakem,Tarih_saat
1006,https://www.tff.org/Default.aspx?pageId=29&macId=180340,MEDİPOL BAŞAKŞEHİR FK,1,BURSASPOR,0,3.İSTANBUL BAŞAKŞEHİR FATİH TERİM - İSTANBUL - BAŞ,ÜMİT ÖZTÜRK,11.08.2017 - 21:45
1002,https://www.tff.org/Default.aspx?pageId=29&macId=180336,AKHİSAR BELEDİYE GENÇLİK VE SPOR,1,DEMİR GRUP SİVASSPOR,0,MANİSA 19 MAYIS - MANİSA,BARIŞ ŞİMŞEK,12.08.2017 - 20:00
1007,https://www.tff.org/Default.aspx?pageId=29&macId=180341,GENÇLERBİRLİĞİ,1,KARDEMİR KARABÜKSPOR,1,ANKARA 19 MAYIS - ANKARA,KORAY GENÇERLER,12.08.2017 - 20:00
1005,https://www.tff.org/Default.aspx?pageId=29&macId=180339,ALANYASPOR,1,KASIMPAŞA A.Ş.,3,BAHÇEŞEHİR OKULLARI STADYUMU - ANTALYA,SUAT ARSLANBOĞA,12.08.2017 - 21:45
1009,https://www.tff.org/Default.aspx?pageId=29&macId=180343,GÖZTEPE A.Ş.,2,FENERBAHÇE A.Ş.,2,BORNOVA STADI - İZMİR,YAŞAR KEMAL UĞURLU,12.08.2017 - 21:45
1004,https://www.tff.org/Default.aspx?pageId=29&macId=180338,EVKUR YENİ MALATYASPOR,3,OSMANLISPOR FUTBOL KULÜBÜ,1,MALATYA İNÖNÜ - MALATYA,METE KALKAVAN,13.08.2017 - 20:00
1008,https://www.tff.org/Default.aspx?pageId=29&macId=180342,TRABZONSPOR A.Ş.,2,ATİKER KONYASPOR,1,ŞENOL GÜNEŞ SPOR KOMPLEKSİ - TRABZON,HÜSEYİN GÖÇEK,13.08.2017 - 20:00
1003,https://www.tff.org/Default.aspx?pageId=29&macId=180337,BEŞİKTAŞ A.Ş.,2,ANTALYASPOR A.Ş.,0,VODAFONE PARK - İSTANBUL,CÜNEYT ÇAKIR,13.08.2017 - 21:45
1001,https://www.tff.org/Default.aspx?pageId=29&macId=180335,GALATASARAY A.Ş.,4,KAYSERİSPOR,1,ALİ SAMİ YEN SPOR KOMPLEKSİ TÜRK TELEKOM STADYUMU ,HALİS ÖZKAHYA,14.08.2017 - 21:45
1017,https://www.tff.org/Default.aspx?pageId=29&macId=180351,KASIMPAŞA A.Ş.,2,BEŞİKTAŞ A.Ş.,2,RECEP TAYYİP ERDOĞAN STADYUMU - İSTANBUL,ALPER ULUSOY,18.08.2017 - 21:45
1012,https://www.tff.org/Default.aspx?pageId=29&macId=180346,KARDEMİR KARABÜKSPOR,3,MEDİPOL BAŞAKŞEHİR FK,1,DR.NECMETTİN ŞEYHOĞLU - KARABÜK,FIRAT AYDINUS,19.08.2017 - 19:00
1013,https://www.tff.org/Default.aspx?pageId=29&macId=180347,BURSASPOR,3,ALANYASPOR,2,BURSA BÜYÜKŞEHİR BELEDİYE STADYUMU - BURSA,SERKAN TOKAT,19.08.2017 - 19:45
1010,https://www.tff.org/Default.aspx?pageId=29&macId=180344,DEMİR GRUP SİVASSPOR,2,EVKUR YENİ MALATYASPOR,0,YENİ 4 EYLÜL STADI - SİVAS,SERKAN ÇINAR,19.08.2017 - 21:45
1015,https://www.tff.org/Default.aspx?pageId=29&macId=180349,OSMANLISPOR FUTBOL KULÜBÜ,1,GALATASARAY A.Ş.,3,OSMANLI STADI - ANKARA,HALİL UMUT MELER,19.08.2017 - 21:45
1016,https://www.tff.org/Default.aspx?pageId=29&macId=180350,KAYSERİSPOR,1,GÖZTEPE A.Ş.,0,BÜYÜKŞEHİR BELEDİYESİ KADİR HAS - KAYSERİ,ÖZGÜR YANKAYA,20.08.2017 - 20:00
1014,https://www.tff.org/Default.aspx?pageId=29&macId=180348,ANTALYASPOR A.Ş.,2,AKHİSAR BELEDİYE GENÇLİK VE SPOR,2,ANTALYA STADYUMU - ANTALYA,BÜLENT YILDIRIM,20.08.2017 - 21:45
1018,https://www.tff.org/Default.aspx?pageId=29&macId=180352,FENERBAHÇE A.Ş.,2,TRABZONSPOR A.Ş.,2,ÜLKER STADYUMU FB ŞÜKRÜ SARACOĞLU SPOR KOMPLEKSİ -,ALİ PALABIYIK,20.08.2017 - 21:45
1011,https://www.tff.org/Default.aspx?pageId=29&macId=180345,ATİKER KONYASPOR,3,GENÇLERBİRLİĞİ,0,KONYA BÜYÜKŞEHİR BELEDİYE STADYUMU - KONYA,ARDA KARDEŞLER,21.08.2017 - 21:45
1021,https://www.tff.org/Default.aspx?pageId=29&macId=180355,AYTEMİZ ALANYASPOR,1,KARDEMİR KARABÜKSPOR,1,BAHÇEŞEHİR OKULLARI STADYUMU - ANTALYA - ALANYA,YAŞAR KEMAL UĞURLU,25.08.2017 - 21:45
1022,https://www.tff.org/Default.aspx?pageId=29&macId=180356,GALATASARAY A.Ş.,3,DEMİR GRUP SİVASSPOR,0,ALİ SAMİ YEN SPOR KOMPLEKSİ TÜRK TELEKOM STADYUMU ,ALİ PALABIYIK,25.08.2017 - 21:45
1020,https://www.tff.org/Default.aspx?pageId=29&macId=180354,EVKUR YENİ MALATYASPOR,1,ANTALYASPOR A.Ş.,1,MALATYA İNÖNÜ - MALATYA,BARIŞ ŞİMŞEK,26.08.2017 - 19:45
1024,https://www.tff.org/Default.aspx?pageId=29&macId=180358,BEŞİKTAŞ A.Ş.,2,BURSASPOR,1,VODAFONE PARK - İSTANBUL - BEŞİKTAŞ,METE KALKAVAN,26.08.2017 - 19:45
1019,https://www.tff.org/Default.aspx?pageId=29&macId=180353,GÖZTEPE A.Ş.,3,TRABZONSPOR A.Ş.,2,BORNOVA STADI - İZMİR - BORNOVA,SERKAN ÇINAR,26.08.2017 - 21:45
1026,https://www.tff.org/Default.aspx?pageId=29&macId=180360,KAYSERİSPOR,2,OSMANLISPOR FUTBOL KULÜBÜ,2,BÜYÜKŞEHİR BELEDİYESİ KADİR HAS - KAYSERİ,FIRAT AYDINUS,26.08.2017 - 21:45
1027,https://www.tff.org/Default.aspx?pageId=29&macId=180361,MEDİPOL BAŞAKŞEHİR FK,2,ATİKER KONYASPOR,1,3.İSTANBUL BAŞAKŞEHİR FATİH TERİM - İSTANBUL - BAŞ,CÜNEYT ÇAKIR,27.08.2017 - 19:45
1023,https://www.tff.org/Default.aspx?pageId=29&macId=180357,AKHİSAR BELEDİYE GENÇLİK VE SPOR,2,KASIMPAŞA A.Ş.,1,MANİSA 19 MAYIS - MANİSA,MUSTAFA ÖĞRETMENOĞLU,27.08.2017 - 21:45
1025,https://www.tff.org/Default.aspx?pageId=29&macId=180359,GENÇLERBİRLİĞİ,1,FENERBAHÇE A.Ş.,2,ANKARA 19 MAYIS - ANKARA,ÜMİT ÖZTÜRK,27.08.2017 - 21:45
1031,https://www.tff.org/Default.aspx?pageId=29&macId=180365,KARDEMİR KARABÜKSPOR,0,BEŞİKTAŞ A.Ş.,1,DR.NECMETTİN ŞEYHOĞLU - KARABÜK,ALİ PALABIYIK,9.09.2017 - 17:00
1033,https://www.tff.org/Default.aspx?pageId=29&macId=180367,DEMİR GRUP SİVASSPOR,0,KAYSERİSPOR,2,YENİ 4 EYLÜL STADI - SİVAS,HALİL UMUT MELER,9.09.2017 - 17:00
1035,https://www.tff.org/Default.aspx?pageId=29&macId=180369,ATİKER KONYASPOR,0,AYTEMİZ ALANYASPOR,2,KONYA BÜYÜKŞEHİR BELEDİYE STADYUMU - KONYA,BÜLENT YILDIRIM,9.09.2017 - 20:00
1036,https://www.tff.org/Default.aspx?pageId=29&macId=180370,FENERBAHÇE A.Ş.,2,MEDİPOL BAŞAKŞEHİR FK,3,ÜLKER STADYUMU FB ŞÜKRÜ SARACOĞLU SPOR KOMPLEKSİ -,FIRAT AYDINUS,9.09.2017 - 20:00
1030,https://www.tff.org/Default.aspx?pageId=29&macId=180364,TRABZONSPOR A.Ş.,3,GENÇLERBİRLİĞİ,1,ŞENOL GÜNEŞ SPOR KOMPLEKSİ - TRABZON - TRABZON MER,ÖZGÜR YANKAYA,10.09.2017 - 17:00
1034,https://www.tff.org/Default.aspx?pageId=29&macId=180368,OSMANLISPOR FUTBOL KULÜBÜ,0,GÖZTEPE A.Ş.,2,OSMANLI STADI - ANKARA,SUAT ARSLANBOĞA,10.09.2017 - 17:00
1028,https://www.tff.org/Default.aspx?pageId=29&macId=180362,BURSASPOR,3,TELESET MOBİLYA AKHİSARSPOR,0,BURSA BÜYÜKŞEHİR BELEDİYE STADYUMU - BURSA,ALPER ULUSOY,10.09.2017 - 20:00
1029,https://www.tff.org/Default.aspx?pageId=29&macId=180363,ANTALYASPOR A.Ş.,1,GALATASARAY A.Ş.,1,ANTALYA STADYUMU - ANTALYA,HALİS ÖZKAHYA,10.09.2017 - 20:00
1032,https://www.tff.org/Default.aspx?pageId=29&macId=180366,KASIMPAŞA A.Ş.,3,EVKUR YENİ MALATYASPOR,2,RECEP TAYYİP ERDOĞAN STADYUMU - İSTANBUL,ARDA KARDEŞLER,11.09.2017 - 20:00
1039,https://www.tff.org/Default.aspx?pageId=29&macId=180373,KAYSERİSPOR,2,ANTALYASPOR A.Ş.,0,BÜYÜKŞEHİR BELEDİYESİ KADİR HAS - KAYSERİ,YAŞAR KEMAL UĞURLU,15.09.2017 - 20:00
1041,https://www.tff.org/Default.aspx?pageId=29&macId=180375,EVKUR YENİ MALATYASPOR,2,BURSASPOR,4,YENİ MALATYA STADYUMU - MALATYA - MALATYA MERKEZ,BÜLENT YILDIRIM,16.09.2017 - 17:00
1037,https://www.tff.org/Default.aspx?pageId=29&macId=180371,GALATASARAY A.Ş.,2,KASIMPAŞA A.Ş.,0,ALİ SAMİ YEN SPOR KOMPLEKSİ TÜRK TELEKOM STADYUMU ,CÜNEYT ÇAKIR,16.09.2017 - 20:00
1042,https://www.tff.org/Default.aspx?pageId=29&macId=180376,TELESET MOBİLYA AKHİSARSPOR,2,KARDEMİR KARABÜKSPOR,1,MANİSA 19 MAYIS - MANİSA,ÜMİT ÖZTÜRK,16.09.2017 - 20:00
1038,https://www.tff.org/Default.aspx?pageId=29&macId=180372,OSMANLISPOR FUTBOL KULÜBÜ,2,DEMİR GRUP SİVASSPOR,4,OSMANLI STADI - ANKARA,HÜSEYİN GÖÇEK,17.09.2017 - 17:00
1045,https://www.tff.org/Default.aspx?pageId=29&macId=180379,MEDİPOL BAŞAKŞEHİR FK,2,TRABZONSPOR A.Ş.,2,3.İSTANBUL BAŞAKŞEHİR FATİH TERİM - İSTANBUL - BAŞ,HALİS ÖZKAHYA,17.09.2017 - 17:00
1040,https://www.tff.org/Default.aspx?pageId=29&macId=180374,GÖZTEPE A.Ş.,3,GENÇLERBİRLİĞİ,2,BORNOVA STADI - İZMİR - BORNOVA,MUSTAFA ÖĞRETMENOĞLU,17.09.2017 - 20:00
1044,https://www.tff.org/Default.aspx?pageId=29&macId=180378,AYTEMİZ ALANYASPOR,1,FENERBAHÇE A.Ş.,4,BAHÇEŞEHİR OKULLARI STADYUMU - ANTALYA - ALANYA,METE KALKAVAN,17.09.2017 - 20:00
1043,https://www.tff.org/Default.aspx?pageId=29&macId=180377,BEŞİKTAŞ A.Ş.,2,ATİKER KONYASPOR,0,VODAFONE PARK - İSTANBUL - BEŞİKTAŞ,SERKAN ÇINAR,18.09.2017 - 20:00
1053,https://www.tff.org/Default.aspx?pageId=29&macId=180387,TRABZONSPOR A.Ş.,3,AYTEMİZ ALANYASPOR,4,ŞENOL GÜNEŞ SPOR KOMPLEKSİ - TRABZON - TRABZON MER,ALPER ULUSOY,22.09.2017 - 20:00
1054,https://www.tff.org/Default.aspx?pageId=29&macId=180388,ATİKER KONYASPOR,2,TELESET MOBİLYA AKHİSARSPOR,0,KONYA BÜYÜKŞEHİR BELEDİYE STADYUMU - KONYA,ÖZGÜR YANKAYA,23.09.2017 - 14:00
1052,https://www.tff.org/Default.aspx?pageId=29&macId=180386,GENÇLERBİRLİĞİ,1,MEDİPOL BAŞAKŞEHİR FK,0,ANKARA 19 MAYIS - ANKARA,CÜNEYT ÇAKIR,23.09.2017 - 16:30
1048,https://www.tff.org/Default.aspx?pageId=29&macId=180382,FENERBAHÇE A.Ş.,2,BEŞİKTAŞ A.Ş.,1,ÜLKER STADYUMU FB ŞÜKRÜ SARACOĞLU SPOR KOMPLEKSİ -,ALİ PALABIYIK,23.09.2017 - 19:30
1047,https://www.tff.org/Default.aspx?pageId=29&macId=180381,DEMİR GRUP SİVASSPOR,2,GÖZTEPE A.Ş.,3,YENİ 4 EYLÜL STADI - SİVAS,HALİS ÖZKAHYA,24.09.2017 - 14:00
1049,https://www.tff.org/Default.aspx?pageId=29&macId=180383,KARDEMİR KARABÜKSPOR,2,EVKUR YENİ MALATYASPOR,4,DR.NECMETTİN ŞEYHOĞLU - KARABÜK,SERKAN TOKAT,24.09.2017 - 14:00
1051,https://www.tff.org/Default.aspx?pageId=29&macId=180385,KASIMPAŞA A.Ş.,1,KAYSERİSPOR,1,RECEP TAYYİP ERDOĞAN STADYUMU - İSTANBUL,ÜMİT ÖZTÜRK,24.09.2017 - 16:30
1050,https://www.tff.org/Default.aspx?pageId=29&macId=180384,BURSASPOR,1,GALATASARAY A.Ş.,2,BURSA BÜYÜKŞEHİR BELEDİYE STADYUMU - BURSA,FIRAT AYDINUS,24.09.2017 - 19:30
1046,https://www.tff.org/Default.aspx?pageId=29&macId=180380,ANTALYASPOR A.Ş.,3,OSMANLISPOR FUTBOL KULÜBÜ,0,ANTALYA STADYUMU - ANTALYA,METE KALKAVAN,25.09.2017 - 20:00
1059,https://www.tff.org/Default.aspx?pageId=29&macId=180393,TELESET MOBİLYA AKHİSARSPOR,1,FENERBAHÇE A.Ş.,0,MANİSA 19 MAYIS - MANİSA,BÜLENT YILDIRIM,29.09.2017 - 20:00
1057,https://www.tff.org/Default.aspx?pageId=29&macId=180391,DEMİR GRUP SİVASSPOR,3,ANTALYASPOR A.Ş.,1,YENİ 4 EYLÜL STADI - SİVAS,CÜNEYT ÇAKIR,30.09.2017 - 14:00
1061,https://www.tff.org/Default.aspx?pageId=29&macId=180395,OSMANLISPOR FUTBOL KULÜBÜ,3,KASIMPAŞA A.Ş.,0,OSMANLI STADI - ANKARA,ÖZGÜR YANKAYA,30.09.2017 - 14:00
1062,https://www.tff.org/Default.aspx?pageId=29&macId=180396,KAYSERİSPOR,3,BURSASPOR,1,BÜYÜKŞEHİR BELEDİYESİ KADİR HAS - KAYSERİ,HÜSEYİN GÖÇEK,30.09.2017 - 16:30
1055,https://www.tff.org/Default.aspx?pageId=29&macId=180389,GALATASARAY A.Ş.,3,KARDEMİR KARABÜKSPOR,2,ALİ SAMİ YEN SPOR KOMPLEKSİ TÜRK TELEKOM STADYUMU ,ALPER ULUSOY,30.09.2017 - 19:30
1058,https://www.tff.org/Default.aspx?pageId=29&macId=180392,EVKUR YENİ MALATYASPOR,1,ATİKER KONYASPOR,1,YENİ MALATYA STADYUMU - MALATYA - MALATYA MERKEZ,KORAY GENÇERLER,1.10.2017 - 14:00
1060,https://www.tff.org/Default.aspx?pageId=29&macId=180394,AYTEMİZ ALANYASPOR,4,GENÇLERBİRLİĞİ,1,BAHÇEŞEHİR OKULLARI STADYUMU - ANTALYA - ALANYA,HALİL UMUT MELER,1.10.2017 - 16:30
1056,https://www.tff.org/Default.aspx?pageId=29&macId=180390,BEŞİKTAŞ A.Ş.,2,TRABZONSPOR A.Ş.,2,VODAFONE PARK - İSTANBUL - BEŞİKTAŞ,FIRAT AYDINUS,1.10.2017 - 19:30
1063,https://www.tff.org/Default.aspx?pageId=29&macId=180397,GÖZTEPE A.Ş.,1,MEDİPOL BAŞAKŞEHİR FK,2,BORNOVA STADI - İZMİR - BORNOVA,YAŞAR KEMAL UĞURLU,1.10.2017 - 19:30
1071,https://www.tff.org/Default.aspx?pageId=29&macId=180405,GENÇLERBİRLİĞİ,2,BEŞİKTAŞ A.Ş.,1,ANKARA 19 MAYIS - ANKARA,HALİS ÖZKAHYA,13.10.2017 - 20:00
1067,https://www.tff.org/Default.aspx?pageId=29&macId=180401,KARDEMİR KARABÜKSPOR,1,KAYSERİSPOR,0,DR.NECMETTİN ŞEYHOĞLU - KARABÜK,ALİ ŞANSALAN,14.10.2017 - 14:00
1069,https://www.tff.org/Default.aspx?pageId=29&macId=180403,ANTALYASPOR A.Ş.,1,GÖZTEPE A.Ş.,3,ANTALYA STADYUMU - ANTALYA,HÜSEYİN GÖÇEK,14.10.2017 - 16:30
1070,https://www.tff.org/Default.aspx?pageId=29&macId=180404,MEDİPOL BAŞAKŞEHİR FK,2,AYTEMİZ ALANYASPOR,1,3.İSTANBUL BAŞAKŞEHİR FATİH TERİM - İSTANBUL - BAŞ,SERKAN ÇINAR,14.10.2017 - 16:30
1072,https://www.tff.org/Default.aspx?pageId=29&macId=180406,ATİKER KONYASPOR,0,GALATASARAY A.Ş.,2,KONYA BÜYÜKŞEHİR BELEDİYE STADYUMU - KONYA,ÖZGÜR YANKAYA,14.10.2017 - 19:30
1068,https://www.tff.org/Default.aspx?pageId=29&macId=180402,KASIMPAŞA A.Ş.,2,DEMİR GRUP SİVASSPOR,3,RECEP TAYYİP ERDOĞAN STADYUMU - İSTANBUL,METE KALKAVAN,15.10.2017 - 14:00
1066,https://www.tff.org/Default.aspx?pageId=29&macId=180400,TRABZONSPOR A.Ş.,1,TELESET MOBİLYA AKHİSARSPOR,6,ŞENOL GÜNEŞ SPOR KOMPLEKSİ - TRABZON - TRABZON MER,YAŞAR KEMAL UĞURLU,15.10.2017 - 16:30
1064,https://www.tff.org/Default.aspx?pageId=29&macId=180398,FENERBAHÇE A.Ş.,3,EVKUR YENİ MALATYASPOR,1,ÜLKER STADYUMU FB ŞÜKRÜ SARACOĞLU SPOR KOMPLEKSİ -,ALPER ULUSOY,15.10.2017 - 19:30
1065,https://www.tff.org/Default.aspx?pageId=29&macId=180399,BURSASPOR,3,OSMANLISPOR FUTBOL KULÜBÜ,1,BURSA BÜYÜKŞEHİR BELEDİYE STADYUMU - BURSA,CÜNEYT ÇAKIR,16.10.2017 - 20:00
1074,https://www.tff.org/Default.aspx?pageId=29&macId=180408,ANTALYASPOR A.Ş.,2,KASIMPAŞA A.Ş.,1,ANTALYA STADYUMU - ANTALYA,ÜMİT ÖZTÜRK,20.10.2017 - 20:00
1081,https://www.tff.org/Default.aspx?pageId=29&macId=180415,GÖZTEPE A.Ş.,3,AYTEMİZ ALANYASPOR,3,BORNOVA STADI - İZMİR - BORNOVA,FIRAT AYDINUS,20.10.2017 - 20:00
1080,https://www.tff.org/Default.aspx?pageId=29&macId=180414,OSMANLISPOR FUTBOL KULÜBÜ,3,KARDEMİR KARABÜKSPOR,0,OSMANLI STADI - ANKARA,HALİS ÖZKAHYA,21.10.2017 - 14:00
1073,https://www.tff.org/Default.aspx?pageId=29&macId=180407,TELESET MOBİLYA AKHİSARSPOR,3,GENÇLERBİRLİĞİ,3,MANİSA 19 MAYIS - MANİSA,SUAT ARSLANBOĞA,21.10.2017 - 16:30
1077,https://www.tff.org/Default.aspx?pageId=29&macId=180411,EVKUR YENİ MALATYASPOR,1,TRABZONSPOR A.Ş.,0,YENİ MALATYA STADYUMU - MALATYA - MALATYA MERKEZ,HALİL UMUT MELER,21.10.2017 - 19:30
1079,https://www.tff.org/Default.aspx?pageId=29&macId=180413,DEMİR GRUP SİVASSPOR,0,BURSASPOR,0,YENİ 4 EYLÜL STADI - SİVAS,YAŞAR KEMAL UĞURLU,22.10.2017 - 14:00
1075,https://www.tff.org/Default.aspx?pageId=29&macId=180409,KAYSERİSPOR,2,ATİKER KONYASPOR,1,BÜYÜKŞEHİR BELEDİYESİ KADİR HAS - KAYSERİ,ALİ PALABIYIK,22.10.2017 - 16:30
1076,https://www.tff.org/Default.aspx?pageId=29&macId=180410,GALATASARAY A.Ş.,0,FENERBAHÇE A.Ş.,0,ALİ SAMİ YEN SPOR KOMPLEKSİ TÜRK TELEKOM STADYUMU ,CÜNEYT ÇAKIR,22.10.2017 - 19:30
1078,https://www.tff.org/Default.aspx?pageId=29&macId=180412,BEŞİKTAŞ A.Ş.,1,MEDİPOL BAŞAKŞEHİR FK,1,VODAFONE PARK - İSTANBUL - BEŞİKTAŞ,METE KALKAVAN,23.10.2017 - 20:04
1087,https://www.tff.org/Default.aspx?pageId=29&macId=180421,KASIMPAŞA A.Ş.,3,GÖZTEPE A.Ş.,1,RECEP TAYYİP ERDOĞAN STADYUMU - İSTANBUL,BÜLENT YILDIRIM,27.10.2017 - 20:00
1082,https://www.tff.org/Default.aspx?pageId=29&macId=180416,GENÇLERBİRLİĞİ,0,EVKUR YENİ MALATYASPOR,1,ANKARA 19 MAYIS - ANKARA,HÜSEYİN GÖÇEK,28.10.2017 - 14:00
1089,https://www.tff.org/Default.aspx?pageId=29&macId=180423,MEDİPOL BAŞAKŞEHİR FK,2,TELESET MOBİLYA AKHİSARSPOR,1,3.İSTANBUL BAŞAKŞEHİR FATİH TERİM - İSTANBUL - BAŞ,FIRAT AYDINUS,28.10.2017 - 16:30
1088,https://www.tff.org/Default.aspx?pageId=29&macId=180422,AYTEMİZ ALANYASPOR,1,BEŞİKTAŞ A.Ş.,2,BAHÇEŞEHİR OKULLARI STADYUMU - ANTALYA - ALANYA,YAŞAR KEMAL UĞURLU,28.10.2017 - 19:30
1083,https://www.tff.org/Default.aspx?pageId=29&macId=180417,ATİKER KONYASPOR,1,OSMANLISPOR FUTBOL KULÜBÜ,0,KONYA BÜYÜKŞEHİR BELEDİYE STADYUMU - KONYA,ARDA KARDEŞLER,29.10.2017 - 14:00
1085,https://www.tff.org/Default.aspx?pageId=29&macId=180419,KARDEMİR KARABÜKSPOR,0,DEMİR GRUP SİVASSPOR,1,DR.NECMETTİN ŞEYHOĞLU - KARABÜK,ÖZGÜR YANKAYA,29.10.2017 - 14:00
1086,https://www.tff.org/Default.aspx?pageId=29&macId=180420,BURSASPOR,4,ANTALYASPOR A.Ş.,0,BURSA BÜYÜKŞEHİR BELEDİYE STADYUMU - BURSA,ALİ PALABIYIK,29.10.2017 - 16:30
1090,https://www.tff.org/Default.aspx?pageId=29&macId=180424,TRABZONSPOR A.Ş.,2,GALATASARAY A.Ş.,1,ŞENOL GÜNEŞ SPOR KOMPLEKSİ - TRABZON - TRABZON MER,HALİS ÖZKAHYA,29.10.2017 - 19:30
1084,https://www.tff.org/Default.aspx?pageId=29&macId=180418,FENERBAHÇE A.Ş.,3,KAYSERİSPOR,3,ÜLKER STADYUMU FB ŞÜKRÜ SARACOĞLU SPOR KOMPLEKSİ -,HALİL UMUT MELER,30.10.2017 - 20:00
1094,https://www.tff.org/Default.aspx?pageId=29&macId=180428,GALATASARAY A.Ş.,5,GENÇLERBİRLİĞİ,1,ALİ SAMİ YEN SPOR KOMPLEKSİ TÜRK TELEKOM STADYUMU ,SERKAN ÇINAR,3.11.2017 - 20:00
1097,https://www.tff.org/Default.aspx?pageId=29&macId=180431,KASIMPAŞA A.Ş.,2,BURSASPOR,2,RECEP TAYYİP ERDOĞAN STADYUMU - İSTANBUL,SUAT ARSLANBOĞA,4.11.2017 - 14:00
1099,https://www.tff.org/Default.aspx?pageId=29&macId=180433,KAYSERİSPOR,0,TRABZONSPOR A.Ş.,0,BÜYÜKŞEHİR BELEDİYESİ KADİR HAS - KAYSERİ,ÖZGÜR YANKAYA,4.11.2017 - 14:00
1091,https://www.tff.org/Default.aspx?pageId=29&macId=180425,ANTALYASPOR A.Ş.,2,KARDEMİR KARABÜKSPOR,1,ANTALYA STADYUMU - ANTALYA,ARDA KARDEŞLER,4.11.2017 - 16:30
1098,https://www.tff.org/Default.aspx?pageId=29&macId=180432,OSMANLISPOR FUTBOL KULÜBÜ,1,FENERBAHÇE A.Ş.,1,OSMANLI STADI - ANKARA,FIRAT AYDINUS,4.11.2017 - 19:30
1096,https://www.tff.org/Default.aspx?pageId=29&macId=180430,TELESET MOBİLYA AKHİSARSPOR,0,AYTEMİZ ALANYASPOR,4,MANİSA 19 MAYIS - MANİSA,ALİ PALABIYIK,5.11.2017 - 14:00
1095,https://www.tff.org/Default.aspx?pageId=29&macId=180429,EVKUR YENİ MALATYASPOR,0,MEDİPOL BAŞAKŞEHİR FK,2,YENİ MALATYA STADYUMU - MALATYA - MALATYA MERKEZ,BÜLENT YILDIRIM,5.11.2017 - 16:30
1092,https://www.tff.org/Default.aspx?pageId=29&macId=180426,DEMİR GRUP SİVASSPOR,2,ATİKER KONYASPOR,1,YENİ 4 EYLÜL STADI - SİVAS,CÜNEYT ÇAKIR,5.11.2017 - 19:30
1093,https://www.tff.org/Default.aspx?pageId=29&macId=180427,GÖZTEPE A.Ş.,1,BEŞİKTAŞ A.Ş.,3,BORNOVA STADI - İZMİR - BORNOVA,HÜSEYİN GÖÇEK,5.11.2017 - 19:30
1106,https://www.tff.org/Default.aspx?pageId=29&macId=180440,BEŞİKTAŞ A.Ş.,0,TELESET MOBİLYA AKHİSARSPOR,0,VODAFONE PARK - İSTANBUL - BEŞİKTAŞ,SERKAN ÇINAR,17.11.2017 - 20:00
1105,https://www.tff.org/Default.aspx?pageId=29&macId=180439,BURSASPOR,0,GÖZTEPE A.Ş.,0,BURSA BÜYÜKŞEHİR BELEDİYE STADYUMU - BURSA,METE KALKAVAN,18.11.2017 - 14:00
1102,https://www.tff.org/Default.aspx?pageId=29&macId=180436,ATİKER KONYASPOR,1,ANTALYASPOR A.Ş.,1,KONYA BÜYÜKŞEHİR BELEDİYE STADYUMU - KONYA,BÜLENT YILDIRIM,18.11.2017 - 16:30
1107,https://www.tff.org/Default.aspx?pageId=29&macId=180441,MEDİPOL BAŞAKŞEHİR FK,5,GALATASARAY A.Ş.,1,3.İSTANBUL BAŞAKŞEHİR FATİH TERİM - İSTANBUL - BAŞ,ALİ PALABIYIK,18.11.2017 - 19:30
1100,https://www.tff.org/Default.aspx?pageId=29&macId=180434,AYTEMİZ ALANYASPOR,1,EVKUR YENİ MALATYASPOR,0,BAHÇEŞEHİR OKULLARI STADYUMU - ANTALYA - ALANYA,HALİS ÖZKAHYA,19.11.2017 - 14:00
1101,https://www.tff.org/Default.aspx?pageId=29&macId=180435,GENÇLERBİRLİĞİ,1,KAYSERİSPOR,2,ANKARA 19 MAYIS - ANKARA,FIRAT AYDINUS,19.11.2017 - 14:00
1108,https://www.tff.org/Default.aspx?pageId=29&macId=180442,TRABZONSPOR A.Ş.,4,OSMANLISPOR FUTBOL KULÜBÜ,3,ŞENOL GÜNEŞ SPOR KOMPLEKSİ - TRABZON - TRABZON MER,ÜMİT ÖZTÜRK,19.11.2017 - 16:30
1103,https://www.tff.org/Default.aspx?pageId=29&macId=180437,FENERBAHÇE A.Ş.,4,DEMİR GRUP SİVASSPOR,1,ÜLKER STADYUMU FB ŞÜKRÜ SARACOĞLU SPOR KOMPLEKSİ -,YAŞAR KEMAL UĞURLU,19.11.2017 - 19:30
1104,https://www.tff.org/Default.aspx?pageId=29&macId=180438,KARDEMİR KARABÜKSPOR,0,KASIMPAŞA A.Ş.,2,DR.NECMETTİN ŞEYHOĞLU - KARABÜK,HALİL UMUT MELER,20.11.2017 - 20:00
1111,https://www.tff.org/Default.aspx?pageId=29&macId=180445,OSMANLISPOR FUTBOL KULÜBÜ,2,GENÇLERBİRLİĞİ,0,OSMANLI STADI - ANKARA,ÖZGÜR YANKAYA,24.11.2017 - 20:00
1117,https://www.tff.org/Default.aspx?pageId=29&macId=180451,GÖZTEPE A.Ş.,2,TELESET MOBİLYA AKHİSARSPOR,0,BORNOVA STADI - İZMİR - BORNOVA,ARDA KARDEŞLER,25.11.2017 - 14:00
1112,https://www.tff.org/Default.aspx?pageId=29&macId=180446,EVKUR YENİ MALATYASPOR,0,BEŞİKTAŞ A.Ş.,0,YENİ MALATYA STADYUMU - MALATYA - MALATYA MERKEZ,BÜLENT YILDIRIM,25.11.2017 - 16:30
1109,https://www.tff.org/Default.aspx?pageId=29&macId=180443,GALATASARAY A.Ş.,2,AYTEMİZ ALANYASPOR,0,ALİ SAMİ YEN SPOR KOMPLEKSİ TÜRK TELEKOM STADYUMU ,HÜSEYİN GÖÇEK,25.11.2017 - 19:30
1110,https://www.tff.org/Default.aspx?pageId=29&macId=180444,DEMİR GRUP SİVASSPOR,1,TRABZONSPOR A.Ş.,2,YENİ 4 EYLÜL STADI - SİVAS,ALİ PALABIYIK,26.11.2017 - 14:00
1113,https://www.tff.org/Default.aspx?pageId=29&macId=180447,BURSASPOR,2,KARDEMİR KARABÜKSPOR,1,BURSA BÜYÜKŞEHİR BELEDİYE STADYUMU - BURSA,MUSTAFA ÖĞRETMENOĞLU,26.11.2017 - 14:00
1114,https://www.tff.org/Default.aspx?pageId=29&macId=180448,KASIMPAŞA A.Ş.,2,ATİKER KONYASPOR,1,RECEP TAYYİP ERDOĞAN STADYUMU - İSTANBUL,HALİS ÖZKAHYA,26.11.2017 - 16:30
1115,https://www.tff.org/Default.aspx?pageId=29&macId=180449,ANTALYASPOR A.Ş.,0,FENERBAHÇE A.Ş.,1,ANTALYA STADYUMU - ANTALYA,METE KALKAVAN,26.11.2017 - 19:30
1116,https://www.tff.org/Default.aspx?pageId=29&macId=180450,KAYSERİSPOR,1,MEDİPOL BAŞAKŞEHİR FK,1,BÜYÜKŞEHİR BELEDİYESİ KADİR HAS - KAYSERİ,ALPER ULUSOY,27.11.2017 - 20:00
1118,https://www.tff.org/Default.aspx?pageId=29&macId=180452,TELESET MOBİLYA AKHİSARSPOR,0,EVKUR YENİ MALATYASPOR,0,MANİSA 19 MAYIS - MANİSA,CÜNEYT ÇAKIR,2.12.2017 - 14:00
1122,https://www.tff.org/Default.aspx?pageId=29&macId=180456,KARDEMİR KARABÜKSPOR,0,GÖZTEPE A.Ş.,1,DR.NECMETTİN ŞEYHOĞLU - KARABÜK,BAHATTİN ŞİMŞEK,2.12.2017 - 16:30
1119,https://www.tff.org/Default.aspx?pageId=29&macId=180453,BEŞİKTAŞ A.Ş.,3,GALATASARAY A.Ş.,0,VODAFONE PARK - İSTANBUL - BEŞİKTAŞ,FIRAT AYDINUS,2.12.2017 - 19:30
1120,https://www.tff.org/Default.aspx?pageId=29&macId=180454,ATİKER KONYASPOR,0,BURSASPOR,3,KONYA BÜYÜKŞEHİR BELEDİYE STADYUMU - KONYA,HALİL UMUT MELER,3.12.2017 - 14:00
1125,https://www.tff.org/Default.aspx?pageId=29&macId=180459,GENÇLERBİRLİĞİ,4,DEMİR GRUP SİVASSPOR,0,ANKARA 19 MAYIS - ANKARA,METE KALKAVAN,3.12.2017 - 14:00
1124,https://www.tff.org/Default.aspx?pageId=29&macId=180458,MEDİPOL BAŞAKŞEHİR FK,1,OSMANLISPOR FUTBOL KULÜBÜ,0,3.İSTANBUL BAŞAKŞEHİR FATİH TERİM - İSTANBUL - BAŞ,HALİS ÖZKAHYA,3.12.2017 - 16:30
1121,https://www.tff.org/Default.aspx?pageId=29&macId=180455,FENERBAHÇE A.Ş.,4,KASIMPAŞA A.Ş.,2,ÜLKER STADYUMU FB ŞÜKRÜ SARACOĞLU SPOR KOMPLEKSİ -,ÜMİT ÖZTÜRK,3.12.2017 - 19:30
1123,https://www.tff.org/Default.aspx?pageId=29&macId=180457,AYTEMİZ ALANYASPOR,1,KAYSERİSPOR,2,BAHÇEŞEHİR OKULLARI STADYUMU - ANTALYA - ALANYA,BÜLENT YILDIRIM,4.12.2017 - 20:00
1126,https://www.tff.org/Default.aspx?pageId=29&macId=180460,TRABZONSPOR A.Ş.,3,ANTALYASPOR A.Ş.,0,ŞENOL GÜNEŞ SPOR KOMPLEKSİ - TRABZON - TRABZON MER,YAŞAR KEMAL UĞURLU,4.12.2017 - 20:00
1131,https://www.tff.org/Default.aspx?pageId=29&macId=180465,BURSASPOR,0,FENERBAHÇE A.Ş.,1,BURSA BÜYÜKŞEHİR BELEDİYE STADYUMU - BURSA,ALİ PALABIYIK,8.12.2017 - 20:00
1128,https://www.tff.org/Default.aspx?pageId=29&macId=180462,KASIMPAŞA A.Ş.,0,TRABZONSPOR A.Ş.,3,RECEP TAYYİP ERDOĞAN STADYUMU - İSTANBUL,HÜSEYİN GÖÇEK,9.12.2017 - 14:00
1130,https://www.tff.org/Default.aspx?pageId=29&macId=180464,EVKUR YENİ MALATYASPOR,2,GÖZTEPE A.Ş.,3,YENİ MALATYA STADYUMU - MALATYA - MALATYA MERKEZ,ALİ ŞANSALAN,9.12.2017 - 14:00
1132,https://www.tff.org/Default.aspx?pageId=29&macId=180466,ANTALYASPOR A.Ş.,1,GENÇLERBİRLİĞİ,1,ANTALYA STADYUMU - ANTALYA,ALPER ULUSOY,9.12.2017 - 16:30
1127,https://www.tff.org/Default.aspx?pageId=29&macId=180461,GALATASARAY A.Ş.,4,TELESET MOBİLYA AKHİSARSPOR,2,ALİ SAMİ YEN SPOR KOMPLEKSİ TÜRK TELEKOM STADYUMU ,ÜMİT ÖZTÜRK,9.12.2017 - 19:30
1129,https://www.tff.org/Default.aspx?pageId=29&macId=180463,OSMANLISPOR FUTBOL KULÜBÜ,3,AYTEMİZ ALANYASPOR,0,OSMANLI STADI - ANKARA,METE KALKAVAN,10.12.2017 - 14:00
1133,https://www.tff.org/Default.aspx?pageId=29&macId=180467,DEMİR GRUP SİVASSPOR,1,MEDİPOL BAŞAKŞEHİR FK,0,YENİ 4 EYLÜL STADI - SİVAS,HALİL UMUT MELER,10.12.2017 - 16:30
1134,https://www.tff.org/Default.aspx?pageId=29&macId=180468,KAYSERİSPOR,1,BEŞİKTAŞ A.Ş.,1,BÜYÜKŞEHİR BELEDİYESİ KADİR HAS - KAYSERİ,YAŞAR KEMAL UĞURLU,10.12.2017 - 19:30
1135,https://www.tff.org/Default.aspx?pageId=29&macId=180469,ATİKER KONYASPOR,2,KARDEMİR KARABÜKSPOR,0,KONYA BÜYÜKŞEHİR BELEDİYE STADYUMU - KONYA,BARIŞ ŞİMŞEK,11.12.2017 - 20:00
1137,https://www.tff.org/Default.aspx?pageId=29&macId=180471,GENÇLERBİRLİĞİ,0,KASIMPAŞA A.Ş.,0,ANKARA 19 MAYIS - ANKARA,BÜLENT YILDIRIM,16.12.2017 - 14:00
1142,https://www.tff.org/Default.aspx?pageId=29&macId=180476,AYTEMİZ ALANYASPOR,1,DEMİR GRUP SİVASSPOR,1,BAHÇEŞEHİR OKULLARI STADYUMU - ANTALYA - ALANYA,FIRAT AYDINUS,16.12.2017 - 16:30
1144,https://www.tff.org/Default.aspx?pageId=29&macId=180478,TRABZONSPOR A.Ş.,1,BURSASPOR,0,ŞENOL GÜNEŞ SPOR KOMPLEKSİ - TRABZON - TRABZON MER,HALİS ÖZKAHYA,16.12.2017 - 19:30
1141,https://www.tff.org/Default.aspx?pageId=29&macId=180475,TELESET MOBİLYA AKHİSARSPOR,0,KAYSERİSPOR,2,MANİSA 19 MAYIS - MANİSA,METE KALKAVAN,17.12.2017 - 14:00
1143,https://www.tff.org/Default.aspx?pageId=29&macId=180477,MEDİPOL BAŞAKŞEHİR FK,4,ANTALYASPOR A.Ş.,1,3.İSTANBUL BAŞAKŞEHİR FATİH TERİM - İSTANBUL - BAŞ,BARIŞ ŞİMŞEK,17.12.2017 - 14:00
1140,https://www.tff.org/Default.aspx?pageId=29&macId=180474,EVKUR YENİ MALATYASPOR,2,GALATASARAY A.Ş.,1,YENİ MALATYA STADYUMU - MALATYA - MALATYA MERKEZ,ALİ PALABIYIK,17.12.2017 - 16:30
1136,https://www.tff.org/Default.aspx?pageId=29&macId=180470,BEŞİKTAŞ A.Ş.,5,OSMANLISPOR FUTBOL KULÜBÜ,1,VODAFONE PARK - İSTANBUL - BEŞİKTAŞ,HALİL UMUT MELER,17.12.2017 - 19:30
1138,https://www.tff.org/Default.aspx?pageId=29&macId=180472,GÖZTEPE A.Ş.,1,ATİKER KONYASPOR,0,BORNOVA STADI - İZMİR - BORNOVA,HÜSEYİN GÖÇEK,18.12.2017 - 20:00
1139,https://www.tff.org/Default.aspx?pageId=29&macId=180473,FENERBAHÇE A.Ş.,2,KARDEMİR KARABÜKSPOR,0,ÜLKER STADYUMU FB ŞÜKRÜ SARACOĞLU SPOR KOMPLEKSİ -,ALPER ULUSOY,18.12.2017 - 20:00
1146,https://www.tff.org/Default.aspx?pageId=29&macId=180480,ANTALYASPOR A.Ş.,3,AYTEMİZ ALANYASPOR,1,ANTALYA STADYUMU - ANTALYA,SERKAN ÇINAR,22.12.2017 - 20:00
1149,https://www.tff.org/Default.aspx?pageId=29&macId=180483,BURSASPOR,1,GENÇLERBİRLİĞİ,1,BURSA BÜYÜKŞEHİR BELEDİYE STADYUMU - BURSA,HÜSEYİN GÖÇEK,23.12.2017 - 14:00
1151,https://www.tff.org/Default.aspx?pageId=29&macId=180485,DEMİR GRUP SİVASSPOR,2,BEŞİKTAŞ A.Ş.,1,YENİ 4 EYLÜL STADI - SİVAS,CÜNEYT ÇAKIR,23.12.2017 - 16:30
1153,https://www.tff.org/Default.aspx?pageId=29&macId=180487,ATİKER KONYASPOR,1,FENERBAHÇE A.Ş.,1,KONYA BÜYÜKŞEHİR BELEDİYE STADYUMU - KONYA,FIRAT AYDINUS,23.12.2017 - 19:30
1147,https://www.tff.org/Default.aspx?pageId=29&macId=180481,KAYSERİSPOR,0,EVKUR YENİ MALATYASPOR,1,BÜYÜKŞEHİR BELEDİYESİ KADİR HAS - KAYSERİ,ÜMİT ÖZTÜRK,24.12.2017 - 14:00
1148,https://www.tff.org/Default.aspx?pageId=29&macId=180482,KARDEMİR KARABÜKSPOR,1,TRABZONSPOR A.Ş.,1,DR.NECMETTİN ŞEYHOĞLU - KARABÜK,HALİL UMUT MELER,24.12.2017 - 14:00
1150,https://www.tff.org/Default.aspx?pageId=29&macId=180484,KASIMPAŞA A.Ş.,1,MEDİPOL BAŞAKŞEHİR FK,2,RECEP TAYYİP ERDOĞAN STADYUMU - İSTANBUL,ALİ PALABIYIK,24.12.2017 - 16:30
1145,https://www.tff.org/Default.aspx?pageId=29&macId=180479,GALATASARAY A.Ş.,3,GÖZTEPE A.Ş.,1,ALİ SAMİ YEN SPOR KOMPLEKSİ TÜRK TELEKOM STADYUMU ,YAŞAR KEMAL UĞURLU,24.12.2017 - 19:30
1152,https://www.tff.org/Default.aspx?pageId=29&macId=180486,OSMANLISPOR FUTBOL KULÜBÜ,3,TELESET MOBİLYA AKHİSARSPOR,2,OSMANLI STADI - ANKARA,ÖZGÜR YANKAYA,25.12.2017 - 20:00
1158,https://www.tff.org/Default.aspx?pageId=29&macId=180492,KASIMPAŞA A.Ş.,3,AYTEMİZ ALANYASPOR,2,RECEP TAYYİP ERDOĞAN STADYUMU - İSTANBUL,YAŞAR KEMAL UĞURLU,19.01.2018 - 20:00
1160,https://www.tff.org/Default.aspx?pageId=29&macId=180494,KARDEMİR KARABÜKSPOR,0,GENÇLERBİRLİĞİ,2,DR.NECMETTİN ŞEYHOĞLU - KARABÜK,ALİ PALABIYIK,20.01.2018 - 13:30
1157,https://www.tff.org/Default.aspx?pageId=29&macId=180491,OSMANLISPOR FUTBOL KULÜBÜ,0,EVKUR YENİ MALATYASPOR,0,OSMANLI STADI - ANKARA,FIRAT AYDINUS,20.01.2018 - 16:00
1162,https://www.tff.org/Default.aspx?pageId=29&macId=180496,FENERBAHÇE A.Ş.,2,GÖZTEPE A.Ş.,1,ÜLKER STADYUMU FB ŞÜKRÜ SARACOĞLU SPOR KOMPLEKSİ -,ÜMİT ÖZTÜRK,20.01.2018 - 19:00
1155,https://www.tff.org/Default.aspx?pageId=29&macId=180489,DEMİR GRUP SİVASSPOR,1,TELESET MOBİLYA AKHİSARSPOR,1,YENİ 4 EYLÜL STADI - SİVAS,HÜSEYİN GÖÇEK,21.01.2018 - 13:30
1161,https://www.tff.org/Default.aspx?pageId=29&macId=180495,ATİKER KONYASPOR,2,TRABZONSPOR A.Ş.,2,KONYA BÜYÜKŞEHİR BELEDİYE STADYUMU - KONYA,METE KALKAVAN,21.01.2018 - 13:30
1159,https://www.tff.org/Default.aspx?pageId=29&macId=180493,BURSASPOR,0,MEDİPOL BAŞAKŞEHİR FK,3,BURSA BÜYÜKŞEHİR BELEDİYE STADYUMU - BURSA,BÜLENT YILDIRIM,21.01.2018 - 16:00
1156,https://www.tff.org/Default.aspx?pageId=29&macId=180490,ANTALYASPOR A.Ş.,1,BEŞİKTAŞ A.Ş.,2,ANTALYA STADYUMU - ANTALYA,HALİS ÖZKAHYA,21.01.2018 - 19:00
1154,https://www.tff.org/Default.aspx?pageId=29&macId=180488,KAYSERİSPOR,1,GALATASARAY A.Ş.,3,BÜYÜKŞEHİR BELEDİYESİ KADİR HAS - KAYSERİ,CÜNEYT ÇAKIR,22.01.2018 - 20:00
1164,https://www.tff.org/Default.aspx?pageId=29&macId=180498,GENÇLERBİRLİĞİ,2,ATİKER KONYASPOR,1,ANKARA 19 MAYIS - ANKARA,CÜNEYT ÇAKIR,26.01.2018 - 20:00
1170,https://www.tff.org/Default.aspx?pageId=29&macId=180504,BEŞİKTAŞ A.Ş.,2,KASIMPAŞA A.Ş.,1,VODAFONE PARK - İSTANBUL - BEŞİKTAŞ,HÜSEYİN GÖÇEK,26.01.2018 - 20:00
1166,https://www.tff.org/Default.aspx?pageId=29&macId=180500,AYTEMİZ ALANYASPOR,3,BURSASPOR,1,BAHÇEŞEHİR OKULLARI STADYUMU - ANTALYA - ALANYA,ÜMİT ÖZTÜRK,27.01.2018 - 13:30
1169,https://www.tff.org/Default.aspx?pageId=29&macId=180503,GÖZTEPE A.Ş.,1,KAYSERİSPOR,1,BORNOVA STADI - İZMİR - BORNOVA,FIRAT AYDINUS,27.01.2018 - 16:00
1168,https://www.tff.org/Default.aspx?pageId=29&macId=180502,GALATASARAY A.Ş.,2,OSMANLISPOR FUTBOL KULÜBÜ,0,ALİ SAMİ YEN SPOR KOMPLEKSİ TÜRK TELEKOM STADYUMU ,HALİL UMUT MELER,27.01.2018 - 19:00
1163,https://www.tff.org/Default.aspx?pageId=29&macId=180497,EVKUR YENİ MALATYASPOR,1,DEMİR GRUP SİVASSPOR,0,YENİ MALATYA STADYUMU - MALATYA - MALATYA MERKEZ,METE KALKAVAN,28.01.2018 - 13:34
1167,https://www.tff.org/Default.aspx?pageId=29&macId=180501,TELESET MOBİLYA AKHİSARSPOR,1,ANTALYASPOR A.Ş.,1,SPOR TOTO AKHİSAR STADYUMU - MANİSA - AKHİSAR,BÜLENT YILDIRIM,28.01.2018 - 16:00
1171,https://www.tff.org/Default.aspx?pageId=29&macId=180505,TRABZONSPOR A.Ş.,1,FENERBAHÇE A.Ş.,1,ŞENOL GÜNEŞ SPOR KOMPLEKSİ - TRABZON - TRABZON MER,ALİ PALABIYIK,28.01.2018 - 19:00
1165,https://www.tff.org/Default.aspx?pageId=29&macId=180499,MEDİPOL BAŞAKŞEHİR FK,5,KARDEMİR KARABÜKSPOR,0,3.İSTANBUL BAŞAKŞEHİR FATİH TERİM - İSTANBUL - BAŞ,BARIŞ ŞİMŞEK,29.01.2018 - 20:00
1177,https://www.tff.org/Default.aspx?pageId=29&macId=180511,BURSASPOR,2,BEŞİKTAŞ A.Ş.,2,BURSA BÜYÜKŞEHİR BELEDİYE STADYUMU - BURSA,HALİL UMUT MELER,2.02.2018 - 20:00
1174,https://www.tff.org/Default.aspx?pageId=29&macId=180508,KARDEMİR KARABÜKSPOR,1,AYTEMİZ ALANYASPOR,0,DR.NECMETTİN ŞEYHOĞLU - KARABÜK,ARDA KARDEŞLER,3.02.2018 - 13:30
1173,https://www.tff.org/Default.aspx?pageId=29&macId=180507,ANTALYASPOR A.Ş.,3,EVKUR YENİ MALATYASPOR,1,ANTALYA STADYUMU - ANTALYA,CÜNEYT ÇAKIR,3.02.2018 - 16:00
1178,https://www.tff.org/Default.aspx?pageId=29&macId=180512,FENERBAHÇE A.Ş.,2,GENÇLERBİRLİĞİ,2,ÜLKER STADYUMU FB ŞÜKRÜ SARACOĞLU SPOR KOMPLEKSİ -,METE KALKAVAN,3.02.2018 - 19:00
1176,https://www.tff.org/Default.aspx?pageId=29&macId=180510,KASIMPAŞA A.Ş.,2,TELESET MOBİLYA AKHİSARSPOR,0,RECEP TAYYİP ERDOĞAN STADYUMU - İSTANBUL,BARIŞ ŞİMŞEK,4.02.2018 - 13:30
1179,https://www.tff.org/Default.aspx?pageId=29&macId=180513,OSMANLISPOR FUTBOL KULÜBÜ,0,KAYSERİSPOR,1,OSMANLI STADI - ANKARA,ÜMİT ÖZTÜRK,4.02.2018 - 13:30
1180,https://www.tff.org/Default.aspx?pageId=29&macId=180514,ATİKER KONYASPOR,1,MEDİPOL BAŞAKŞEHİR FK,1,KONYA BÜYÜKŞEHİR BELEDİYE STADYUMU - KONYA,HALİS ÖZKAHYA,4.02.2018 - 16:00
1175,https://www.tff.org/Default.aspx?pageId=29&macId=180509,DEMİR GRUP SİVASSPOR,2,GALATASARAY A.Ş.,1,YENİ 4 EYLÜL STADI - SİVAS,FIRAT AYDINUS,4.02.2018 - 19:00
1172,https://www.tff.org/Default.aspx?pageId=29&macId=180506,TRABZONSPOR A.Ş.,0,GÖZTEPE A.Ş.,0,ŞENOL GÜNEŞ SPOR KOMPLEKSİ - TRABZON - TRABZON MER,HÜSEYİN GÖÇEK,5.02.2018 - 20:00
1185,https://www.tff.org/Default.aspx?pageId=29&macId=180519,EVKUR YENİ MALATYASPOR,1,KASIMPAŞA A.Ş.,1,YENİ MALATYA STADYUMU - MALATYA - MALATYA MERKEZ,MUSTAFA ÖĞRETMENOĞLU,9.02.2018 - 20:00
1187,https://www.tff.org/Default.aspx?pageId=29&macId=180521,GÖZTEPE A.Ş.,3,OSMANLISPOR FUTBOL KULÜBÜ,3,BORNOVA STADI - İZMİR - BORNOVA,ARDA KARDEŞLER,10.02.2018 - 13:30
1183,https://www.tff.org/Default.aspx?pageId=29&macId=180517,GENÇLERBİRLİĞİ,0,TRABZONSPOR A.Ş.,0,ANKARA 19 MAYIS - ANKARA,ALPER ULUSOY,10.02.2018 - 16:00
1184,https://www.tff.org/Default.aspx?pageId=29&macId=180518,BEŞİKTAŞ A.Ş.,5,KARDEMİR KARABÜKSPOR,0,VODAFONE PARK - İSTANBUL - BEŞİKTAŞ,BÜLENT YILDIRIM,10.02.2018 - 19:00
1181,https://www.tff.org/Default.aspx?pageId=29&macId=180515,TELESET MOBİLYA AKHİSARSPOR,1,BURSASPOR,0,SPOR TOTO AKHİSAR STADYUMU - MANİSA - AKHİSAR,SERKAN ÇINAR,11.02.2018 - 13:30
1186,https://www.tff.org/Default.aspx?pageId=29&macId=180520,KAYSERİSPOR,1,DEMİR GRUP SİVASSPOR,1,BÜYÜKŞEHİR BELEDİYESİ KADİR HAS - KAYSERİ,ALİ PALABIYIK,11.02.2018 - 13:30
1188,https://www.tff.org/Default.aspx?pageId=29&macId=180522,AYTEMİZ ALANYASPOR,1,ATİKER KONYASPOR,2,BAHÇEŞEHİR OKULLARI STADYUMU - ANTALYA - ALANYA,FIRAT AYDINUS,11.02.2018 - 16:00
1189,https://www.tff.org/Default.aspx?pageId=29&macId=180523,MEDİPOL BAŞAKŞEHİR FK,0,FENERBAHÇE A.Ş.,2,3.İSTANBUL BAŞAKŞEHİR FATİH TERİM - İSTANBUL - BAŞ,HALİL UMUT MELER,11.02.2018 - 19:00
1182,https://www.tff.org/Default.aspx?pageId=29&macId=180516,GALATASARAY A.Ş.,3,ANTALYASPOR A.Ş.,0,ALİ SAMİ YEN SPOR KOMPLEKSİ TÜRK TELEKOM STADYUMU ,BARIŞ ŞİMŞEK,12.02.2018 - 20:00
1196,https://www.tff.org/Default.aspx?pageId=29&macId=180530,ATİKER KONYASPOR,1,BEŞİKTAŞ A.Ş.,1,KONYA BÜYÜKŞEHİR BELEDİYE STADYUMU - KONYA,ALPER ULUSOY,16.02.2018 - 20:00
1192,https://www.tff.org/Default.aspx?pageId=29&macId=180526,ANTALYASPOR A.Ş.,2,KAYSERİSPOR,1,ANTALYA STADYUMU - ANTALYA,METE KALKAVAN,17.02.2018 - 13:30
1191,https://www.tff.org/Default.aspx?pageId=29&macId=180525,DEMİR GRUP SİVASSPOR,3,OSMANLISPOR FUTBOL KULÜBÜ,2,YENİ 4 EYLÜL STADI - SİVAS,MUSTAFA ÖĞRETMENOĞLU,17.02.2018 - 16:00
1197,https://www.tff.org/Default.aspx?pageId=29&macId=180531,FENERBAHÇE A.Ş.,3,AYTEMİZ ALANYASPOR,0,ÜLKER STADYUMU FB ŞÜKRÜ SARACOĞLU SPOR KOMPLEKSİ -,ÜMİT ÖZTÜRK,17.02.2018 - 19:00
1194,https://www.tff.org/Default.aspx?pageId=29&macId=180528,BURSASPOR,0,EVKUR YENİ MALATYASPOR,0,BURSA BÜYÜKŞEHİR BELEDİYE STADYUMU - BURSA,ALİ PALABIYIK,18.02.2018 - 13:30
1195,https://www.tff.org/Default.aspx?pageId=29&macId=180529,KARDEMİR KARABÜKSPOR,0,TELESET MOBİLYA AKHİSARSPOR,3,DR.NECMETTİN ŞEYHOĞLU - KARABÜK,VOLKAN BAYARSLAN,18.02.2018 - 13:30
1198,https://www.tff.org/Default.aspx?pageId=29&macId=180532,TRABZONSPOR A.Ş.,0,MEDİPOL BAŞAKŞEHİR FK,1,ŞENOL GÜNEŞ SPOR KOMPLEKSİ - TRABZON - TRABZON MER,BÜLENT YILDIRIM,18.02.2018 - 16:00
1190,https://www.tff.org/Default.aspx?pageId=29&macId=180524,KASIMPAŞA A.Ş.,2,GALATASARAY A.Ş.,1,RECEP TAYYİP ERDOĞAN STADYUMU - İSTANBUL,HALİS ÖZKAHYA,18.02.2018 - 19:00
1193,https://www.tff.org/Default.aspx?pageId=29&macId=180527,GENÇLERBİRLİĞİ,3,GÖZTEPE A.Ş.,0,ANKARA 19 MAYIS - ANKARA,SERKAN ÇINAR,19.02.2018 - 20:00
1203,https://www.tff.org/Default.aspx?pageId=29&macId=180537,GALATASARAY A.Ş.,5,BURSASPOR,0,ALİ SAMİ YEN SPOR KOMPLEKSİ TÜRK TELEKOM STADYUMU ,BÜLENT YILDIRIM,23.02.2018 - 20:00
1207,https://www.tff.org/Default.aspx?pageId=29&macId=180541,TELESET MOBİLYA AKHİSARSPOR,3,ATİKER KONYASPOR,0,SPOR TOTO AKHİSAR STADYUMU - MANİSA - AKHİSAR,ALİ PALABIYIK,23.02.2018 - 20:00
1204,https://www.tff.org/Default.aspx?pageId=29&macId=180538,KAYSERİSPOR,3,KASIMPAŞA A.Ş.,2,BÜYÜKŞEHİR BELEDİYESİ KADİR HAS - KAYSERİ,HALİL UMUT MELER,24.02.2018 - 16:00
1206,https://www.tff.org/Default.aspx?pageId=29&macId=180540,AYTEMİZ ALANYASPOR,1,TRABZONSPOR A.Ş.,2,BAHÇEŞEHİR OKULLARI STADYUMU - ANTALYA - ALANYA,SERKAN ÇINAR,24.02.2018 - 19:00
1199,https://www.tff.org/Default.aspx?pageId=29&macId=180533,OSMANLISPOR FUTBOL KULÜBÜ,0,ANTALYASPOR A.Ş.,0,OSMANLI STADI - ANKARA,HÜSEYİN GÖÇEK,25.02.2018 - 13:30
1202,https://www.tff.org/Default.aspx?pageId=29&macId=180536,EVKUR YENİ MALATYASPOR,3,KARDEMİR KARABÜKSPOR,1,YENİ MALATYA STADYUMU - MALATYA - MALATYA MERKEZ,BAHATTİN ŞİMŞEK,25.02.2018 - 13:30
1200,https://www.tff.org/Default.aspx?pageId=29&macId=180534,GÖZTEPE A.Ş.,1,DEMİR GRUP SİVASSPOR,0,BORNOVA STADI - İZMİR - BORNOVA,METE KALKAVAN,25.02.2018 - 16:00
1201,https://www.tff.org/Default.aspx?pageId=29&macId=180535,BEŞİKTAŞ A.Ş.,3,FENERBAHÇE A.Ş.,1,VODAFONE PARK - İSTANBUL - BEŞİKTAŞ,CÜNEYT ÇAKIR,25.02.2018 - 19:00
1205,https://www.tff.org/Default.aspx?pageId=29&macId=180539,MEDİPOL BAŞAKŞEHİR FK,1,GENÇLERBİRLİĞİ,1,3.İSTANBUL BAŞAKŞEHİR FATİH TERİM - İSTANBUL - BAŞ,ÜMİT ÖZTÜRK,26.02.2018 - 20:00
1215,https://www.tff.org/Default.aspx?pageId=29&macId=180549,BURSASPOR,1,KAYSERİSPOR,0,BURSA BÜYÜKŞEHİR BELEDİYE STADYUMU - BURSA,YAŞAR KEMAL UĞURLU,2.03.2018 - 20:00
1214,https://www.tff.org/Default.aspx?pageId=29&macId=180548,KASIMPAŞA A.Ş.,1,OSMANLISPOR FUTBOL KULÜBÜ,1,RECEP TAYYİP ERDOĞAN STADYUMU - İSTANBUL,CÜNEYT ÇAKIR,3.03.2018 - 13:30
1216,https://www.tff.org/Default.aspx?pageId=29&macId=180550,MEDİPOL BAŞAKŞEHİR FK,2,GÖZTEPE A.Ş.,0,3.İSTANBUL BAŞAKŞEHİR FATİH TERİM - İSTANBUL - BAŞ,ALİ PALABIYIK,3.03.2018 - 16:00
1208,https://www.tff.org/Default.aspx?pageId=29&macId=180542,KARDEMİR KARABÜKSPOR,0,GALATASARAY A.Ş.,7,DR.NECMETTİN ŞEYHOĞLU - KARABÜK,METE KALKAVAN,3.03.2018 - 19:00
1213,https://www.tff.org/Default.aspx?pageId=29&macId=180547,GENÇLERBİRLİĞİ,0,AYTEMİZ ALANYASPOR,1,ANKARA 19 MAYIS - ANKARA,BARIŞ ŞİMŞEK,4.03.2018 - 13:30
1211,https://www.tff.org/Default.aspx?pageId=29&macId=180545,ATİKER KONYASPOR,0,EVKUR YENİ MALATYASPOR,1,KONYA BÜYÜKŞEHİR BELEDİYE STADYUMU - KONYA,ÜMİT ÖZTÜRK,4.03.2018 - 16:00
1210,https://www.tff.org/Default.aspx?pageId=29&macId=180544,ANTALYASPOR A.Ş.,1,DEMİR GRUP SİVASSPOR,4,ANTALYA STADYUMU - ANTALYA,BÜLENT YILDIRIM,4.03.2018 - 19:00
1212,https://www.tff.org/Default.aspx?pageId=29&macId=180546,FENERBAHÇE A.Ş.,2,TELESET MOBİLYA AKHİSARSPOR,3,ÜLKER STADYUMU FB ŞÜKRÜ SARACOĞLU SPOR KOMPLEKSİ -,ARDA KARDEŞLER,4.03.2018 - 19:00
1209,https://www.tff.org/Default.aspx?pageId=29&macId=180543,TRABZONSPOR A.Ş.,0,BEŞİKTAŞ A.Ş.,2,ŞENOL GÜNEŞ SPOR KOMPLEKSİ - TRABZON - TRABZON MER,HALİS ÖZKAHYA,5.03.2018 - 20:00
1223,https://www.tff.org/Default.aspx?pageId=29&macId=180557,AYTEMİZ ALANYASPOR,4,MEDİPOL BAŞAKŞEHİR FK,1,BAHÇEŞEHİR OKULLARI STADYUMU - ANTALYA - ALANYA,CÜNEYT ÇAKIR,9.03.2018 - 20:00
1221,https://www.tff.org/Default.aspx?pageId=29&macId=180555,DEMİR GRUP SİVASSPOR,2,KASIMPAŞA A.Ş.,2,YENİ 4 EYLÜL STADI - SİVAS,ALPER ULUSOY,10.03.2018 - 13:30
1218,https://www.tff.org/Default.aspx?pageId=29&macId=180552,OSMANLISPOR FUTBOL KULÜBÜ,2,BURSASPOR,1,OSMANLI STADI - ANKARA,BARIŞ ŞİMŞEK,10.03.2018 - 16:00
1224,https://www.tff.org/Default.aspx?pageId=29&macId=180558,BEŞİKTAŞ A.Ş.,1,GENÇLERBİRLİĞİ,0,VODAFONE PARK - İSTANBUL - BEŞİKTAŞ,MUSTAFA ÖĞRETMENOĞLU,10.03.2018 - 19:00
1220,https://www.tff.org/Default.aspx?pageId=29&macId=180554,KAYSERİSPOR,3,KARDEMİR KARABÜKSPOR,2,BÜYÜKŞEHİR BELEDİYESİ KADİR HAS - KAYSERİ,SUAT ARSLANBOĞA,11.03.2018 - 13:30
1222,https://www.tff.org/Default.aspx?pageId=29&macId=180556,GÖZTEPE A.Ş.,2,ANTALYASPOR A.Ş.,1,BORNOVA STADI - İZMİR - BORNOVA,FIRAT AYDINUS,11.03.2018 - 13:30
1217,https://www.tff.org/Default.aspx?pageId=29&macId=180551,EVKUR YENİ MALATYASPOR,0,FENERBAHÇE A.Ş.,2,YENİ MALATYA STADYUMU - MALATYA - MALATYA MERKEZ,METE KALKAVAN,11.03.2018 - 16:03
1225,https://www.tff.org/Default.aspx?pageId=29&macId=180559,GALATASARAY A.Ş.,2,ATİKER KONYASPOR,1,ALİ SAMİ YEN SPOR KOMPLEKSİ TÜRK TELEKOM STADYUMU ,HALİL UMUT MELER,11.03.2018 - 19:00
1219,https://www.tff.org/Default.aspx?pageId=29&macId=180553,TELESET MOBİLYA AKHİSARSPOR,1,TRABZONSPOR A.Ş.,3,SPOR TOTO AKHİSAR STADYUMU - MANİSA - AKHİSAR,ÜMİT ÖZTÜRK,12.03.2018 - 20:00
1227,https://www.tff.org/Default.aspx?pageId=29&macId=180561,KASIMPAŞA A.Ş.,2,ANTALYASPOR A.Ş.,3,RECEP TAYYİP ERDOĞAN STADYUMU - İSTANBUL,ALİ PALABIYIK,16.03.2018 - 20:00
1233,https://www.tff.org/Default.aspx?pageId=29&macId=180567,KARDEMİR KARABÜKSPOR,0,OSMANLISPOR FUTBOL KULÜBÜ,4,DR.NECMETTİN ŞEYHOĞLU - KARABÜK,ARDA KARDEŞLER,16.03.2018 - 20:00
1226,https://www.tff.org/Default.aspx?pageId=29&macId=180560,GENÇLERBİRLİĞİ,1,TELESET MOBİLYA AKHİSARSPOR,1,ANKARA 19 MAYIS - ANKARA,METE KALKAVAN,17.03.2018 - 13:30
1232,https://www.tff.org/Default.aspx?pageId=29&macId=180566,BURSASPOR,1,DEMİR GRUP SİVASSPOR,0,BURSA BÜYÜKŞEHİR BELEDİYE STADYUMU - BURSA,HÜSEYİN GÖÇEK,17.03.2018 - 16:00
1229,https://www.tff.org/Default.aspx?pageId=29&macId=180563,FENERBAHÇE A.Ş.,0,GALATASARAY A.Ş.,0,ÜLKER STADYUMU FB ŞÜKRÜ SARACOĞLU SPOR KOMPLEKSİ -,BÜLENT YILDIRIM,17.03.2018 - 19:00
1228,https://www.tff.org/Default.aspx?pageId=29&macId=180562,ATİKER KONYASPOR,2,KAYSERİSPOR,0,KONYA BÜYÜKŞEHİR BELEDİYE STADYUMU - KONYA,HALİS ÖZKAHYA,18.03.2018 - 13:30
1234,https://www.tff.org/Default.aspx?pageId=29&macId=180568,AYTEMİZ ALANYASPOR,1,GÖZTEPE A.Ş.,1,BAHÇEŞEHİR OKULLARI STADYUMU - ANTALYA - ALANYA,ÖZGÜR YANKAYA,18.03.2018 - 13:30
1230,https://www.tff.org/Default.aspx?pageId=29&macId=180564,TRABZONSPOR A.Ş.,4,EVKUR YENİ MALATYASPOR,1,ŞENOL GÜNEŞ SPOR KOMPLEKSİ - TRABZON - TRABZON MER,YAŞAR KEMAL UĞURLU,18.03.2018 - 16:00
1231,https://www.tff.org/Default.aspx?pageId=29&macId=180565,MEDİPOL BAŞAKŞEHİR FK,1,BEŞİKTAŞ A.Ş.,0,3.İSTANBUL BAŞAKŞEHİR FATİH TERİM - İSTANBUL - BAŞ,HALİL UMUT MELER,18.03.2018 - 19:00
1238,https://www.tff.org/Default.aspx?pageId=29&macId=180572,DEMİR GRUP SİVASSPOR,1,KARDEMİR KARABÜKSPOR,0,YENİ 4 EYLÜL STADI - SİVAS,ALİ ŞANSALAN,30.03.2018 - 20:00
1235,https://www.tff.org/Default.aspx?pageId=29&macId=180569,EVKUR YENİ MALATYASPOR,4,GENÇLERBİRLİĞİ,1,YENİ MALATYA STADYUMU - MALATYA - MALATYA MERKEZ,ARDA KARDEŞLER,31.03.2018 - 13:30
1239,https://www.tff.org/Default.aspx?pageId=29&macId=180573,ANTALYASPOR A.Ş.,2,BURSASPOR,0,ANTALYA STADYUMU - ANTALYA,HALİL UMUT MELER,31.03.2018 - 16:00
1241,https://www.tff.org/Default.aspx?pageId=29&macId=180575,BEŞİKTAŞ A.Ş.,1,AYTEMİZ ALANYASPOR,0,VODAFONE PARK - İSTANBUL - BEŞİKTAŞ,BARIŞ ŞİMŞEK,31.03.2018 - 19:00
1236,https://www.tff.org/Default.aspx?pageId=29&macId=180570,OSMANLISPOR FUTBOL KULÜBÜ,0,ATİKER KONYASPOR,0,OSMANLI STADI - ANKARA,METE KALKAVAN,1.04.2018 - 13:30
1240,https://www.tff.org/Default.aspx?pageId=29&macId=180574,GÖZTEPE A.Ş.,0,KASIMPAŞA A.Ş.,2,BORNOVA STADI - İZMİR - BORNOVA,HÜSEYİN GÖÇEK,1.04.2018 - 13:30
1242,https://www.tff.org/Default.aspx?pageId=29&macId=180576,TELESET MOBİLYA AKHİSARSPOR,1,MEDİPOL BAŞAKŞEHİR FK,2,SPOR TOTO AKHİSAR STADYUMU - MANİSA - AKHİSAR,YAŞAR KEMAL UĞURLU,1.04.2018 - 16:00
1243,https://www.tff.org/Default.aspx?pageId=29&macId=180577,GALATASARAY A.Ş.,2,TRABZONSPOR A.Ş.,1,ALİ SAMİ YEN SPOR KOMPLEKSİ TÜRK TELEKOM STADYUMU ,FIRAT AYDINUS,1.04.2018 - 19:00
1237,https://www.tff.org/Default.aspx?pageId=29&macId=180571,KAYSERİSPOR,0,FENERBAHÇE A.Ş.,5,BÜYÜKŞEHİR BELEDİYESİ KADİR HAS - KAYSERİ,ÜMİT ÖZTÜRK,2.04.2018 - 20:00
1248,https://www.tff.org/Default.aspx?pageId=29&macId=180582,MEDİPOL BAŞAKŞEHİR FK,1,EVKUR YENİ MALATYASPOR,0,3.İSTANBUL BAŞAKŞEHİR FATİH TERİM - İSTANBUL - BAŞ,BARIŞ ŞİMŞEK,6.04.2018 - 20:00
1244,https://www.tff.org/Default.aspx?pageId=29&macId=180578,KARDEMİR KARABÜKSPOR,1,ANTALYASPOR A.Ş.,2,DR.NECMETTİN ŞEYHOĞLU - KARABÜK,KORAY GENÇERLER,7.04.2018 - 13:30
1252,https://www.tff.org/Default.aspx?pageId=29&macId=180586,TRABZONSPOR A.Ş.,4,KAYSERİSPOR,0,ŞENOL GÜNEŞ SPOR KOMPLEKSİ - TRABZON - TRABZON MER,ALİ PALABIYIK,7.04.2018 - 16:00
1246,https://www.tff.org/Default.aspx?pageId=29&macId=180580,BEŞİKTAŞ A.Ş.,5,GÖZTEPE A.Ş.,1,VODAFONE PARK - İSTANBUL - BEŞİKTAŞ,ÜMİT ÖZTÜRK,7.04.2018 - 19:00
1245,https://www.tff.org/Default.aspx?pageId=29&macId=180579,ATİKER KONYASPOR,5,DEMİR GRUP SİVASSPOR,0,KONYA BÜYÜKŞEHİR BELEDİYE STADYUMU - KONYA,FIRAT AYDINUS,8.04.2018 - 13:30
1249,https://www.tff.org/Default.aspx?pageId=29&macId=180583,AYTEMİZ ALANYASPOR,3,TELESET MOBİLYA AKHİSARSPOR,1,BAHÇEŞEHİR OKULLARI STADYUMU - ANTALYA - ALANYA,HALİS ÖZKAHYA,8.04.2018 - 16:00
1250,https://www.tff.org/Default.aspx?pageId=29&macId=180584,BURSASPOR,0,KASIMPAŞA A.Ş.,1,BURSA BÜYÜKŞEHİR BELEDİYE STADYUMU - BURSA,METE KALKAVAN,8.04.2018 - 16:00
1251,https://www.tff.org/Default.aspx?pageId=29&macId=180585,FENERBAHÇE A.Ş.,2,OSMANLISPOR FUTBOL KULÜBÜ,0,ÜLKER STADYUMU FB ŞÜKRÜ SARACOĞLU SPOR KOMPLEKSİ -,HALİL UMUT MELER,8.04.2018 - 19:00
1247,https://www.tff.org/Default.aspx?pageId=29&macId=180581,GENÇLERBİRLİĞİ,1,GALATASARAY A.Ş.,0,ANKARA 19 MAYIS - ANKARA,CÜNEYT ÇAKIR,9.04.2018 - 20:00
1259,https://www.tff.org/Default.aspx?pageId=29&macId=180593,TELESET MOBİLYA AKHİSARSPOR,0,BEŞİKTAŞ A.Ş.,3,SPOR TOTO AKHİSAR STADYUMU - MANİSA - AKHİSAR,HÜSEYİN GÖÇEK,13.04.2018 - 20:00
1257,https://www.tff.org/Default.aspx?pageId=29&macId=180591,KASIMPAŞA A.Ş.,2,KARDEMİR KARABÜKSPOR,0,RECEP TAYYİP ERDOĞAN STADYUMU - İSTANBUL,MUSTAFA ÖĞRETMENOĞLU,14.04.2018 - 13:30
1253,https://www.tff.org/Default.aspx?pageId=29&macId=180587,EVKUR YENİ MALATYASPOR,1,AYTEMİZ ALANYASPOR,1,YENİ MALATYA STADYUMU - MALATYA - MALATYA MERKEZ,ALPER ULUSOY,14.04.2018 - 16:00
1256,https://www.tff.org/Default.aspx?pageId=29&macId=180590,DEMİR GRUP SİVASSPOR,1,FENERBAHÇE A.Ş.,2,YENİ 4 EYLÜL STADI - SİVAS,ALİ PALABIYIK,14.04.2018 - 19:00
1254,https://www.tff.org/Default.aspx?pageId=29&macId=180588,KAYSERİSPOR,3,GENÇLERBİRLİĞİ,2,BÜYÜKŞEHİR BELEDİYESİ KADİR HAS - KAYSERİ,FIRAT AYDINUS,15.04.2018 - 13:30
1255,https://www.tff.org/Default.aspx?pageId=29&macId=180589,ANTALYASPOR A.Ş.,0,ATİKER KONYASPOR,0,ANTALYA STADYUMU - ANTALYA,ÜMİT ÖZTÜRK,15.04.2018 - 16:00
1258,https://www.tff.org/Default.aspx?pageId=29&macId=180592,GÖZTEPE A.Ş.,2,BURSASPOR,1,BORNOVA STADI - İZMİR - BORNOVA,BÜLENT YILDIRIM,15.04.2018 - 16:00
1260,https://www.tff.org/Default.aspx?pageId=29&macId=180594,GALATASARAY A.Ş.,2,MEDİPOL BAŞAKŞEHİR FK,0,ALİ SAMİ YEN SPOR KOMPLEKSİ TÜRK TELEKOM STADYUMU ,HALİL UMUT MELER,15.04.2018 - 19:00
1261,https://www.tff.org/Default.aspx?pageId=29&macId=180595,OSMANLISPOR FUTBOL KULÜBÜ,3,TRABZONSPOR A.Ş.,3,OSMANLI STADI - ANKARA,HALİS ÖZKAHYA,16.04.2018 - 20:00
1269,https://www.tff.org/Default.aspx?pageId=29&macId=180603,MEDİPOL BAŞAKŞEHİR FK,3,KAYSERİSPOR,1,3.İSTANBUL BAŞAKŞEHİR FATİH TERİM - İSTANBUL - BAŞ,HÜSEYİN GÖÇEK,20.04.2018 - 20:00
1264,https://www.tff.org/Default.aspx?pageId=29&macId=180598,GENÇLERBİRLİĞİ,0,OSMANLISPOR FUTBOL KULÜBÜ,3,ANKARA 19 MAYIS - ANKARA,ALİ PALABIYIK,21.04.2018 - 13:30
1266,https://www.tff.org/Default.aspx?pageId=29&macId=180600,KARDEMİR KARABÜKSPOR,1,BURSASPOR,4,DR.NECMETTİN ŞEYHOĞLU - KARABÜK,SERKAN ÇINAR,21.04.2018 - 13:30
1263,https://www.tff.org/Default.aspx?pageId=29&macId=180597,TRABZONSPOR A.Ş.,0,DEMİR GRUP SİVASSPOR,2,ŞENOL GÜNEŞ SPOR KOMPLEKSİ - TRABZON - TRABZON MER,HALİL UMUT MELER,21.04.2018 - 16:00
1262,https://www.tff.org/Default.aspx?pageId=29&macId=180596,AYTEMİZ ALANYASPOR,2,GALATASARAY A.Ş.,3,BAHÇEŞEHİR OKULLARI STADYUMU - ANTALYA - ALANYA,ÜMİT ÖZTÜRK,21.04.2018 - 19:00
1267,https://www.tff.org/Default.aspx?pageId=29&macId=180601,ATİKER KONYASPOR,2,KASIMPAŞA A.Ş.,0,KONYA BÜYÜKŞEHİR BELEDİYE STADYUMU - KONYA,BÜLENT YILDIRIM,22.04.2018 - 16:00
1270,https://www.tff.org/Default.aspx?pageId=29&macId=180604,TELESET MOBİLYA AKHİSARSPOR,1,GÖZTEPE A.Ş.,1,SPOR TOTO AKHİSAR STADYUMU - MANİSA - AKHİSAR,ARDA KARDEŞLER,22.04.2018 - 16:00
1265,https://www.tff.org/Default.aspx?pageId=29&macId=180599,BEŞİKTAŞ A.Ş.,3,EVKUR YENİ MALATYASPOR,1,VODAFONE PARK - İSTANBUL - BEŞİKTAŞ,HALİS ÖZKAHYA,22.04.2018 - 19:00
1268,https://www.tff.org/Default.aspx?pageId=29&macId=180602,FENERBAHÇE A.Ş.,4,ANTALYASPOR A.Ş.,1,ÜLKER STADYUMU FB ŞÜKRÜ SARACOĞLU SPOR KOMPLEKSİ -,YAŞAR KEMAL UĞURLU,23.04.2018 - 20:00
1275,https://www.tff.org/Default.aspx?pageId=29&macId=180609,GÖZTEPE A.Ş.,5,KARDEMİR KARABÜKSPOR,0,BORNOVA STADI - İZMİR - BORNOVA,VOLKAN BAYARSLAN,27.04.2018 - 20:00
1276,https://www.tff.org/Default.aspx?pageId=29&macId=180610,KAYSERİSPOR,1,AYTEMİZ ALANYASPOR,2,BÜYÜKŞEHİR BELEDİYESİ KADİR HAS - KAYSERİ,HALİL UMUT MELER,28.04.2018 - 13:30
1278,https://www.tff.org/Default.aspx?pageId=29&macId=180612,DEMİR GRUP SİVASSPOR,1,GENÇLERBİRLİĞİ,0,YENİ 4 EYLÜL STADI - SİVAS,HÜSEYİN GÖÇEK,28.04.2018 - 13:30
1274,https://www.tff.org/Default.aspx?pageId=29&macId=180608,KASIMPAŞA A.Ş.,1,FENERBAHÇE A.Ş.,4,RECEP TAYYİP ERDOĞAN STADYUMU - İSTANBUL,CÜNEYT ÇAKIR,28.04.2018 - 19:00
1279,https://www.tff.org/Default.aspx?pageId=29&macId=180613,ANTALYASPOR A.Ş.,1,TRABZONSPOR A.Ş.,2,ANTALYA STADYUMU - ANTALYA,BÜLENT YILDIRIM,28.04.2018 - 19:00
1271,https://www.tff.org/Default.aspx?pageId=29&macId=180605,EVKUR YENİ MALATYASPOR,0,TELESET MOBİLYA AKHİSARSPOR,0,YENİ MALATYA STADYUMU - MALATYA - MALATYA MERKEZ,ÖZGÜR YANKAYA,29.04.2018 - 13:30
1277,https://www.tff.org/Default.aspx?pageId=29&macId=180611,OSMANLISPOR FUTBOL KULÜBÜ,1,MEDİPOL BAŞAKŞEHİR FK,4,OSMANLI STADI - ANKARA,ÜMİT ÖZTÜRK,29.04.2018 - 16:00
1272,https://www.tff.org/Default.aspx?pageId=29&macId=180606,GALATASARAY A.Ş.,2,BEŞİKTAŞ A.Ş.,0,ALİ SAMİ YEN SPOR KOMPLEKSİ TÜRK TELEKOM STADYUMU ,FIRAT AYDINUS,29.04.2018 - 19:00
1273,https://www.tff.org/Default.aspx?pageId=29&macId=180607,BURSASPOR,2,ATİKER KONYASPOR,1,BURSA BÜYÜKŞEHİR BELEDİYE STADYUMU - BURSA,ALİ PALABIYIK,30.04.2018 - 20:00
1286,https://www.tff.org/Default.aspx?pageId=29&macId=180620,MEDİPOL BAŞAKŞEHİR FK,1,DEMİR GRUP SİVASSPOR,1,3.İSTANBUL BAŞAKŞEHİR FATİH TERİM - İSTANBUL - BAŞ,YAŞAR KEMAL UĞURLU,4.05.2018 - 20:00
1288,https://www.tff.org/Default.aspx?pageId=29&macId=180622,KARDEMİR KARABÜKSPOR,0,ATİKER KONYASPOR,1,DR.NECMETTİN ŞEYHOĞLU - KARABÜK,ÖZGÜR YANKAYA,5.05.2018 - 16:00
1281,https://www.tff.org/Default.aspx?pageId=29&macId=180615,TRABZONSPOR A.Ş.,2,KASIMPAŞA A.Ş.,5,ŞENOL GÜNEŞ SPOR KOMPLEKSİ - TRABZON - TRABZON MER,ÜMİT ÖZTÜRK,5.05.2018 - 19:00
1282,https://www.tff.org/Default.aspx?pageId=29&macId=180616,AYTEMİZ ALANYASPOR,1,OSMANLISPOR FUTBOL KULÜBÜ,1,BAHÇEŞEHİR OKULLARI STADYUMU - ANTALYA - ALANYA,CÜNEYT ÇAKIR,5.05.2018 - 19:00
1284,https://www.tff.org/Default.aspx?pageId=29&macId=180618,FENERBAHÇE A.Ş.,2,BURSASPOR,1,ÜLKER STADYUMU FB ŞÜKRÜ SARACOĞLU SPOR KOMPLEKSİ -,FIRAT AYDINUS,6.05.2018 - 16:00
1285,https://www.tff.org/Default.aspx?pageId=29&macId=180619,GENÇLERBİRLİĞİ,0,ANTALYASPOR A.Ş.,1,ANKARA 19 MAYIS - ANKARA,HALİS ÖZKAHYA,6.05.2018 - 16:00
1280,https://www.tff.org/Default.aspx?pageId=29&macId=180614,TELESET MOBİLYA AKHİSARSPOR,1,GALATASARAY A.Ş.,2,SPOR TOTO AKHİSAR STADYUMU - MANİSA - AKHİSAR,ALİ PALABIYIK,6.05.2018 - 19:00
1283,https://www.tff.org/Default.aspx?pageId=29&macId=180617,GÖZTEPE A.Ş.,0,EVKUR YENİ MALATYASPOR,0,BORNOVA STADI - İZMİR - BORNOVA,HÜSEYİN GÖÇEK,7.05.2018 - 20:00
1287,https://www.tff.org/Default.aspx?pageId=29&macId=180621,BEŞİKTAŞ A.Ş.,2,KAYSERİSPOR,0,VODAFONE PARK - İSTANBUL - BEŞİKTAŞ,BARIŞ ŞİMŞEK,7.05.2018 - 20:00
1296,https://www.tff.org/Default.aspx?pageId=29&macId=180630,ANTALYASPOR A.Ş.,0,MEDİPOL BAŞAKŞEHİR FK,2,ANTALYA STADYUMU - ANTALYA,ALİ PALABIYIK,11.05.2018 - 20:00
1290,https://www.tff.org/Default.aspx?pageId=29&macId=180624,KASIMPAŞA A.Ş.,3,GENÇLERBİRLİĞİ,1,RECEP TAYYİP ERDOĞAN STADYUMU - İSTANBUL,SUAT ARSLANBOĞA,12.05.2018 - 16:00
1291,https://www.tff.org/Default.aspx?pageId=29&macId=180625,ATİKER KONYASPOR,1,GÖZTEPE A.Ş.,1,KONYA BÜYÜKŞEHİR BELEDİYE STADYUMU - KONYA,ÜMİT ÖZTÜRK,12.05.2018 - 19:00
1293,https://www.tff.org/Default.aspx?pageId=29&macId=180627,GALATASARAY A.Ş.,2,EVKUR YENİ MALATYASPOR,0,ALİ SAMİ YEN SPOR KOMPLEKSİ TÜRK TELEKOM STADYUMU ,BÜLENT YILDIRIM,12.05.2018 - 19:00
1297,https://www.tff.org/Default.aspx?pageId=29&macId=180631,BURSASPOR,1,TRABZONSPOR A.Ş.,3,BURSA BÜYÜKŞEHİR BELEDİYE STADYUMU - BURSA,YAŞAR KEMAL UĞURLU,13.05.2018 - 16:00
1289,https://www.tff.org/Default.aspx?pageId=29&macId=180623,OSMANLISPOR FUTBOL KULÜBÜ,2,BEŞİKTAŞ A.Ş.,3,OSMANLI STADI - ANKARA,HALİS ÖZKAHYA,13.05.2018 - 19:00
1295,https://www.tff.org/Default.aspx?pageId=29&macId=180629,DEMİR GRUP SİVASSPOR,2,AYTEMİZ ALANYASPOR,2,YENİ 4 EYLÜL STADI - SİVAS,ALPER ULUSOY,13.05.2018 - 19:00
1292,https://www.tff.org/Default.aspx?pageId=29&macId=180626,KARDEMİR KARABÜKSPOR,0,FENERBAHÇE A.Ş.,7,DR.NECMETTİN ŞEYHOĞLU - KARABÜK,HÜSEYİN GÖÇEK,14.05.2018 - 20:00
1294,https://www.tff.org/Default.aspx?pageId=29&macId=180628,KAYSERİSPOR,1,TELESET MOBİLYA AKHİSARSPOR,2,BÜYÜKŞEHİR BELEDİYESİ KADİR HAS - KAYSERİ,METE KALKAVAN,14.05.2018 - 20:00
1299,https://www.tff.org/Default.aspx?pageId=29&macId=180633,AYTEMİZ ALANYASPOR,3,ANTALYASPOR A.Ş.,2,BAHÇEŞEHİR OKULLARI STADYUMU - ANTALYA - ALANYA,SERKAN TOKAT,18.05.2018 - 18:00
1300,https://www.tff.org/Default.aspx?pageId=29&macId=180634,EVKUR YENİ MALATYASPOR,3,KAYSERİSPOR,2,YENİ MALATYA STADYUMU - MALATYA - MALATYA MERKEZ,VOLKAN BAYARSLAN,18.05.2018 - 18:00
1301,https://www.tff.org/Default.aspx?pageId=29&macId=180635,TRABZONSPOR A.Ş.,3,KARDEMİR KARABÜKSPOR,0,ŞENOL GÜNEŞ SPOR KOMPLEKSİ - TRABZON - TRABZON MER,ZORBAY KÜÇÜK,18.05.2018 - 18:00
1302,https://www.tff.org/Default.aspx?pageId=29&macId=180636,GENÇLERBİRLİĞİ,1,BURSASPOR,0,ANKARA 19 MAYIS - ANKARA,ALİ ŞANSALAN,18.05.2018 - 18:00
1305,https://www.tff.org/Default.aspx?pageId=29&macId=180639,TELESET MOBİLYA AKHİSARSPOR,2,OSMANLISPOR FUTBOL KULÜBÜ,1,SPOR TOTO AKHİSAR STADYUMU - MANİSA - AKHİSAR,BAHATTİN ŞİMŞEK,18.05.2018 - 18:00
1298,https://www.tff.org/Default.aspx?pageId=29&macId=180632,GÖZTEPE A.Ş.,0,GALATASARAY A.Ş.,1,BORNOVA STADI - İZMİR - BORNOVA,CÜNEYT ÇAKIR,19.05.2018 - 19:00
1303,https://www.tff.org/Default.aspx?pageId=29&macId=180637,MEDİPOL BAŞAKŞEHİR FK,3,KASIMPAŞA A.Ş.,2,3.İSTANBUL BAŞAKŞEHİR FATİH TERİM - İSTANBUL - BAŞ,FIRAT AYDINUS,19.05.2018 - 19:00
1304,https://www.tff.org/Default.aspx?pageId=29&macId=180638,BEŞİKTAŞ A.Ş.,5,DEMİR GRUP SİVASSPOR,1,VODAFONE PARK - İSTANBUL - BEŞİKTAŞ,BÜLENT YILDIRIM,19.05.2018 - 19:00
1306,https://www.tff.org/Default.aspx?pageId=29&macId=180640,FENERBAHÇE A.Ş.,3,ATİKER KONYASPOR,2,ÜLKER STADYUMU FB ŞÜKRÜ SARACOĞLU SPOR KOMPLEKSİ -,ALİ PALABIYIK,19.05.2018 - 19:00
