Mac_kodu,TFF_mac_linki,Ev_sahibi,Ev_sahibi_gol,Misafir_takim,Misafir_takim_gol,Stat,Ana_hakem,Tarih_saat
1001,https://www.tff.org/Default.aspx?pageId=29&macId=194514,MKE ANKARAGÜCÜ,1,GALATASARAY A.Ş.,3,OSMANLI STADI - ANKARA,ÜMİT ÖZTÜRK,10.08.2018 - 21:57
1004,https://www.tff.org/Default.aspx?pageId=29&macId=194517,DEMİR GRUP SİVASSPOR,1,AYTEMİZ ALANYASPOR,0,YENİ 4 EYLÜL STADI - SİVAS,ARDA KARDEŞLER,11.08.2018 - 19:30
1003,https://www.tff.org/Default.aspx?pageId=29&macId=194516,ÇAYKUR RİZESPOR A.Ş.,2,KASIMPAŞA A.Ş.,3,ÇAYKUR DİDİ - RİZE,CÜNEYT ÇAKIR,11.08.2018 - 19:38
1008,https://www.tff.org/Default.aspx?pageId=29&macId=194521,FENERBAHÇE A.Ş.,2,BURSASPOR,1,ÜLKER STADYUMU FB ŞÜKRÜ SARACOĞLU SPOR KOMPLEKSİ -,HALİL UMUT MELER,11.08.2018 - 21:45
1002,https://www.tff.org/Default.aspx?pageId=29&macId=194515,MEDİPOL BAŞAKŞEHİR FK,2,TRABZONSPOR A.Ş.,0,3.İSTANBUL BAŞAKŞEHİR FATİH TERİM - İSTANBUL - BAŞ,FIRAT AYDINUS,12.08.2018 - 19:30
1006,https://www.tff.org/Default.aspx?pageId=29&macId=194519,ATİKER KONYASPOR,3,BÜYÜKŞEHİR BELEDİYE ERZURUMSPOR,2,KONYA BÜYÜKŞEHİR BELEDİYE STADYUMU - KONYA,SUAT ARSLANBOĞA,12.08.2018 - 19:30
1005,https://www.tff.org/Default.aspx?pageId=29&macId=194518,BEŞİKTAŞ A.Ş.,2,AKHİSARSPOR,1,VODAFONE PARK - İSTANBUL - BEŞİKTAŞ,BÜLENT YILDIRIM,12.08.2018 - 21:45
1009,https://www.tff.org/Default.aspx?pageId=29&macId=194522,GÖZTEPE A.Ş.,1,YENİ MALATYASPOR,3,BORNOVA STADI - İZMİR - BORNOVA,ÖZGÜR YANKAYA,12.08.2018 - 21:45
1007,https://www.tff.org/Default.aspx?pageId=29&macId=194520,KAYSERİSPOR,2,ANTALYASPOR A.Ş.,0,BÜYÜKŞEHİR BELEDİYESİ KADİR HAS - KAYSERİ,HÜSEYİN GÖÇEK,13.08.2018 - 21:45
1010,https://www.tff.org/Default.aspx?pageId=29&macId=194523,TRABZONSPOR A.Ş.,3,DEMİR GRUP SİVASSPOR,1,ŞENOL GÜNEŞ SPOR KOMPLEKSİ - TRABZON - TRABZON MER,YAŞAR KEMAL UĞURLU,17.08.2018 - 21:45
1011,https://www.tff.org/Default.aspx?pageId=29&macId=194524,BURSASPOR,0,KAYSERİSPOR,0,BURSA BÜYÜKŞEHİR BELEDİYE STADYUMU - BURSA,METE KALKAVAN,18.08.2018 - 19:15
1012,https://www.tff.org/Default.aspx?pageId=29&macId=194525,ANTALYASPOR A.Ş.,3,ATİKER KONYASPOR,3,ANTALYA STADYUMU - ANTALYA,ALPER ULUSOY,18.08.2018 - 21:45
1018,https://www.tff.org/Default.aspx?pageId=29&macId=194531,EVKUR YENİ MALATYASPOR,1,FENERBAHÇE A.Ş.,0,YENİ MALATYA STADYUMU - MALATYA - MALATYA MERKEZ,FIRAT AYDINUS,18.08.2018 - 21:45
1013,https://www.tff.org/Default.aspx?pageId=29&macId=194526,BÜYÜKŞEHİR BELEDİYE ERZURUMSPOR,1,BEŞİKTAŞ A.Ş.,3,ERZURUM KAZIM KARABEKİR - ERZURUM,ÜMİT ÖZTÜRK,19.08.2018 - 19:15
1017,https://www.tff.org/Default.aspx?pageId=29&macId=194530,AKHİSARSPOR,1,ÇAYKUR RİZESPOR A.Ş.,1,SPOR TOTO AKHİSAR STADYUMU - MANİSA - AKHİSAR,SERKAN ÇINAR,19.08.2018 - 19:15
1015,https://www.tff.org/Default.aspx?pageId=29&macId=194528,AYTEMİZ ALANYASPOR,0,MKE ANKARAGÜCÜ,2,BAHÇEŞEHİR OKULLARI STADYUMU - ANTALYA - ALANYA,ALİ ŞANSALAN,19.08.2018 - 21:45
1016,https://www.tff.org/Default.aspx?pageId=29&macId=194529,GALATASARAY A.Ş.,1,GÖZTEPE A.Ş.,0,ALİ SAMİ YEN SPOR KOMPLEKSİ TÜRK TELEKOM STADYUMU ,ALİ PALABIYIK,19.08.2018 - 21:45
1014,https://www.tff.org/Default.aspx?pageId=29&macId=194527,KASIMPAŞA A.Ş.,2,MEDİPOL BAŞAKŞEHİR FK,1,RECEP TAYYİP ERDOĞAN STADYUMU - İSTANBUL,HALİS ÖZKAHYA,20.08.2018 - 21:45
1024,https://www.tff.org/Default.aspx?pageId=29&macId=194537,ÇAYKUR RİZESPOR A.Ş.,0,BÜYÜKŞEHİR BELEDİYE ERZURUMSPOR,0,ÇAYKUR DİDİ - RİZE,YAŞAR KEMAL UĞURLU,24.08.2018 - 19:15
1022,https://www.tff.org/Default.aspx?pageId=29&macId=194535,MKE ANKARAGÜCÜ,2,TRABZONSPOR A.Ş.,2,OSMANLI STADI - ANKARA,METE KALKAVAN,25.08.2018 - 19:15
1019,https://www.tff.org/Default.aspx?pageId=29&macId=194532,GÖZTEPE A.Ş.,1,FENERBAHÇE A.Ş.,0,BORNOVA STADI - İZMİR - BORNOVA,CÜNEYT ÇAKIR,25.08.2018 - 21:45
1025,https://www.tff.org/Default.aspx?pageId=29&macId=194538,KAYSERİSPOR,0,EVKUR YENİ MALATYASPOR,0,BÜYÜKŞEHİR BELEDİYESİ KADİR HAS - KAYSERİ,ALPER ULUSOY,25.08.2018 - 21:45
1020,https://www.tff.org/Default.aspx?pageId=29&macId=194533,DEMİR GRUP SİVASSPOR,0,KASIMPAŞA A.Ş.,3,YENİ 4 EYLÜL STADI - SİVAS,HÜSEYİN GÖÇEK,26.08.2018 - 19:15
1021,https://www.tff.org/Default.aspx?pageId=29&macId=194534,BEŞİKTAŞ A.Ş.,2,ANTALYASPOR A.Ş.,3,VODAFONE PARK - İSTANBUL - BEŞİKTAŞ,HALİS ÖZKAHYA,26.08.2018 - 21:45
1027,https://www.tff.org/Default.aspx?pageId=29&macId=194540,ATİKER KONYASPOR,1,BURSASPOR,1,KONYA BÜYÜKŞEHİR BELEDİYE STADYUMU - KONYA,MUSTAFA ÖĞRETMENOĞLU,26.08.2018 - 21:45
1023,https://www.tff.org/Default.aspx?pageId=29&macId=194536,MEDİPOL BAŞAKŞEHİR FK,3,AKHİSARSPOR,1,3.İSTANBUL BAŞAKŞEHİR FATİH TERİM - İSTANBUL - BAŞ,ALİ PALABIYIK,27.08.2018 - 19:15
1026,https://www.tff.org/Default.aspx?pageId=29&macId=194539,GALATASARAY A.Ş.,6,AYTEMİZ ALANYASPOR,0,ALİ SAMİ YEN SPOR KOMPLEKSİ TÜRK TELEKOM STADYUMU ,HALİL UMUT MELER,27.08.2018 - 21:45
1036,https://www.tff.org/Default.aspx?pageId=29&macId=194549,EVKUR YENİ MALATYASPOR,0,ATİKER KONYASPOR,1,YENİ MALATYA STADYUMU - MALATYA - MALATYA MERKEZ,HÜSEYİN GÖÇEK,31.08.2018 - 21:45
1030,https://www.tff.org/Default.aspx?pageId=29&macId=194543,FENERBAHÇE A.Ş.,2,KAYSERİSPOR,3,ÜLKER STADYUMU FB ŞÜKRÜ SARACOĞLU SPOR KOMPLEKSİ -,ÜMİT ÖZTÜRK,1.09.2018 - 19:15
1032,https://www.tff.org/Default.aspx?pageId=29&macId=194545,AKHİSARSPOR,1,DEMİR GRUP SİVASSPOR,1,SPOR TOTO AKHİSAR STADYUMU - MANİSA - AKHİSAR,BAHATTİN ŞİMŞEK,1.09.2018 - 19:15
1033,https://www.tff.org/Default.aspx?pageId=29&macId=194546,TRABZONSPOR A.Ş.,4,GALATASARAY A.Ş.,0,ŞENOL GÜNEŞ SPOR KOMPLEKSİ - TRABZON - TRABZON MER,FIRAT AYDINUS,1.09.2018 - 21:45
1034,https://www.tff.org/Default.aspx?pageId=29&macId=194547,AYTEMİZ ALANYASPOR,1,GÖZTEPE A.Ş.,0,BAHÇEŞEHİR OKULLARI STADYUMU - ANTALYA - ALANYA,YAŞAR KEMAL UĞURLU,1.09.2018 - 21:45
1028,https://www.tff.org/Default.aspx?pageId=29&macId=194541,BÜYÜKŞEHİR BELEDİYE ERZURUMSPOR,0,MEDİPOL BAŞAKŞEHİR FK,1,ERZURUM KAZIM KARABEKİR - ERZURUM,BÜLENT YILDIRIM,2.09.2018 - 19:15
1029,https://www.tff.org/Default.aspx?pageId=29&macId=194542,KASIMPAŞA A.Ş.,2,MKE ANKARAGÜCÜ,1,RECEP TAYYİP ERDOĞAN STADYUMU - İSTANBUL,ARDA KARDEŞLER,2.09.2018 - 19:15
1031,https://www.tff.org/Default.aspx?pageId=29&macId=194544,ANTALYASPOR A.Ş.,2,ÇAYKUR RİZESPOR A.Ş.,1,ANTALYA STADYUMU - ANTALYA,ALİ PALABIYIK,2.09.2018 - 21:45
1035,https://www.tff.org/Default.aspx?pageId=29&macId=194548,BURSASPOR,1,BEŞİKTAŞ A.Ş.,1,BURSA BÜYÜKŞEHİR BELEDİYE STADYUMU - BURSA,CÜNEYT ÇAKIR,2.09.2018 - 21:45
1039,https://www.tff.org/Default.aspx?pageId=29&macId=194552,GALATASARAY A.Ş.,4,KASIMPAŞA A.Ş.,1,ALİ SAMİ YEN SPOR KOMPLEKSİ TÜRK TELEKOM STADYUMU ,BÜLENT YILDIRIM,14.09.2018 - 21:00
1037,https://www.tff.org/Default.aspx?pageId=29&macId=194550,MKE ANKARAGÜCÜ,1,AKHİSARSPOR,0,ZAFER STADI - AFYON,VOLKAN BAYARSLAN,15.09.2018 - 17:00
1040,https://www.tff.org/Default.aspx?pageId=29&macId=194553,GÖZTEPE A.Ş.,2,KAYSERİSPOR,0,BORNOVA STADI - İZMİR - BORNOVA,ARDA KARDEŞLER,15.09.2018 - 20:00
1044,https://www.tff.org/Default.aspx?pageId=29&macId=194557,BEŞİKTAŞ A.Ş.,2,EVKUR YENİ MALATYASPOR,1,VODAFONE PARK - İSTANBUL - BEŞİKTAŞ,HALİL UMUT MELER,15.09.2018 - 20:00
1041,https://www.tff.org/Default.aspx?pageId=29&macId=194554,DEMİR GRUP SİVASSPOR,2,BÜYÜKŞEHİR BELEDİYE ERZURUMSPOR,2,YENİ 4 EYLÜL STADI - SİVAS,METE KALKAVAN,16.09.2018 - 17:00
1042,https://www.tff.org/Default.aspx?pageId=29&macId=194555,MEDİPOL BAŞAKŞEHİR FK,4,ANTALYASPOR A.Ş.,0,3.İSTANBUL BAŞAKŞEHİR FATİH TERİM - İSTANBUL - BAŞ,ALPER ULUSOY,16.09.2018 - 17:00
1043,https://www.tff.org/Default.aspx?pageId=29&macId=194556,ÇAYKUR RİZESPOR A.Ş.,1,BURSASPOR,1,ÇAYKUR DİDİ - RİZE,SUAT ARSLANBOĞA,16.09.2018 - 20:00
1045,https://www.tff.org/Default.aspx?pageId=29&macId=194558,ATİKER KONYASPOR,0,FENERBAHÇE A.Ş.,1,KONYA BÜYÜKŞEHİR BELEDİYE STADYUMU - KONYA,ALİ PALABIYIK,16.09.2018 - 20:00
1038,https://www.tff.org/Default.aspx?pageId=29&macId=194551,AYTEMİZ ALANYASPOR,1,TRABZONSPOR A.Ş.,0,BAHÇEŞEHİR OKULLARI STADYUMU - ANTALYA - ALANYA,HALİS ÖZKAHYA,17.09.2018 - 20:00
1050,https://www.tff.org/Default.aspx?pageId=29&macId=194563,BÜYÜKŞEHİR BELEDİYE ERZURUMSPOR,0,MKE ANKARAGÜCÜ,1,ERZURUM KAZIM KARABEKİR - ERZURUM,SERKAN ÇINAR,21.09.2018 - 20:00
1054,https://www.tff.org/Default.aspx?pageId=29&macId=194567,BURSASPOR,0,MEDİPOL BAŞAKŞEHİR FK,0,BURSA BÜYÜKŞEHİR BELEDİYE STADYUMU - BURSA,ÜMİT ÖZTÜRK,21.09.2018 - 20:00
1048,https://www.tff.org/Default.aspx?pageId=29&macId=194561,EVKUR YENİ MALATYASPOR,1,ÇAYKUR RİZESPOR A.Ş.,0,YENİ MALATYA STADYUMU - MALATYA - MALATYA MERKEZ,MUSTAFA ÖĞRETMENOĞLU,22.09.2018 - 13:30
1052,https://www.tff.org/Default.aspx?pageId=29&macId=194565,KAYSERİSPOR,0,ATİKER KONYASPOR,2,BÜYÜKŞEHİR BELEDİYESİ KADİR HAS - KAYSERİ,CÜNEYT ÇAKIR,22.09.2018 - 16:00
1047,https://www.tff.org/Default.aspx?pageId=29&macId=194560,TRABZONSPOR A.Ş.,1,GÖZTEPE A.Ş.,2,ŞENOL GÜNEŞ SPOR KOMPLEKSİ - TRABZON - TRABZON MER,HÜSEYİN GÖÇEK,22.09.2018 - 19:00
1046,https://www.tff.org/Default.aspx?pageId=29&macId=194559,KASIMPAŞA A.Ş.,1,AYTEMİZ ALANYASPOR,2,RECEP TAYYİP ERDOĞAN STADYUMU - İSTANBUL,ÖZGÜR YANKAYA,23.09.2018 - 16:00
1049,https://www.tff.org/Default.aspx?pageId=29&macId=194562,ANTALYASPOR A.Ş.,2,DEMİR GRUP SİVASSPOR,1,ANTALYA STADYUMU - ANTALYA,SERKAN TOKAT,23.09.2018 - 19:00
1051,https://www.tff.org/Default.aspx?pageId=29&macId=194564,AKHİSARSPOR,3,GALATASARAY A.Ş.,0,SPOR TOTO AKHİSAR STADYUMU - MANİSA - AKHİSAR,YAŞAR KEMAL UĞURLU,23.09.2018 - 19:00
1053,https://www.tff.org/Default.aspx?pageId=29&macId=194566,FENERBAHÇE A.Ş.,1,BEŞİKTAŞ A.Ş.,1,ÜLKER STADYUMU FB ŞÜKRÜ SARACOĞLU SPOR KOMPLEKSİ -,FIRAT AYDINUS,24.09.2018 - 21:00
1062,https://www.tff.org/Default.aspx?pageId=29&macId=194575,GALATASARAY A.Ş.,1,BÜYÜKŞEHİR BELEDİYE ERZURUMSPOR,0,ALİ SAMİ YEN SPOR KOMPLEKSİ TÜRK TELEKOM STADYUMU ,ALPER ULUSOY,28.09.2018 - 20:00
1057,https://www.tff.org/Default.aspx?pageId=29&macId=194570,TRABZONSPOR A.Ş.,4,KASIMPAŞA A.Ş.,2,ŞENOL GÜNEŞ SPOR KOMPLEKSİ - TRABZON - TRABZON MER,ALİ PALABIYIK,29.09.2018 - 16:00
1061,https://www.tff.org/Default.aspx?pageId=29&macId=194574,AYTEMİZ ALANYASPOR,2,AKHİSARSPOR,1,BAHÇEŞEHİR OKULLARI STADYUMU - ANTALYA - ALANYA,ARDA KARDEŞLER,29.09.2018 - 16:00
1060,https://www.tff.org/Default.aspx?pageId=29&macId=194573,BEŞİKTAŞ A.Ş.,2,KAYSERİSPOR,0,VODAFONE PARK - İSTANBUL - BEŞİKTAŞ,YAŞAR KEMAL UĞURLU,29.09.2018 - 19:00
1058,https://www.tff.org/Default.aspx?pageId=29&macId=194571,DEMİR GRUP SİVASSPOR,2,BURSASPOR,0,YENİ 4 EYLÜL STADI - SİVAS,HALİS ÖZKAHYA,30.09.2018 - 13:30
1063,https://www.tff.org/Default.aspx?pageId=29&macId=194576,GÖZTEPE A.Ş.,3,ATİKER KONYASPOR,2,BORNOVA STADI - İZMİR - BORNOVA,METE KALKAVAN,30.09.2018 - 16:00
1056,https://www.tff.org/Default.aspx?pageId=29&macId=194569,ÇAYKUR RİZESPOR A.Ş.,3,FENERBAHÇE A.Ş.,0,ÇAYKUR DİDİ - RİZE,CÜNEYT ÇAKIR,30.09.2018 - 19:00
1055,https://www.tff.org/Default.aspx?pageId=29&macId=194568,MKE ANKARAGÜCÜ,0,ANTALYASPOR A.Ş.,1,OSMANLI STADI - ANKARA,TUGAY KAAN NUMANOĞLU,1.10.2018 - 20:00
1059,https://www.tff.org/Default.aspx?pageId=29&macId=194572,MEDİPOL BAŞAKŞEHİR FK,1,EVKUR YENİ MALATYASPOR,1,3.İSTANBUL BAŞAKŞEHİR FATİH TERİM - İSTANBUL - BAŞ,FIRAT AYDINUS,1.10.2018 - 20:00
1069,https://www.tff.org/Default.aspx?pageId=29&macId=194582,KASIMPAŞA A.Ş.,3,GÖZTEPE A.Ş.,1,RECEP TAYYİP ERDOĞAN STADYUMU - İSTANBUL,HALİS ÖZKAHYA,5.10.2018 - 20:00
1071,https://www.tff.org/Default.aspx?pageId=29&macId=194584,KAYSERİSPOR,2,ÇAYKUR RİZESPOR A.Ş.,2,BÜYÜKŞEHİR BELEDİYESİ KADİR HAS - KAYSERİ,FIRAT AYDINUS,6.10.2018 - 13:30
1065,https://www.tff.org/Default.aspx?pageId=29&macId=194578,BÜYÜKŞEHİR BELEDİYE ERZURUMSPOR,1,AYTEMİZ ALANYASPOR,0,ERZURUM KAZIM KARABEKİR - ERZURUM,KORAY GENÇERLER,6.10.2018 - 16:00
1072,https://www.tff.org/Default.aspx?pageId=29&macId=194585,BURSASPOR,1,MKE ANKARAGÜCÜ,0,BURSA BÜYÜKŞEHİR BELEDİYE STADYUMU - BURSA,ÖZGÜR YANKAYA,6.10.2018 - 16:00
1067,https://www.tff.org/Default.aspx?pageId=29&macId=194580,ANTALYASPOR A.Ş.,0,GALATASARAY A.Ş.,1,ANTALYA STADYUMU - ANTALYA,CÜNEYT ÇAKIR,6.10.2018 - 19:00
1064,https://www.tff.org/Default.aspx?pageId=29&macId=194577,EVKUR YENİ MALATYASPOR,4,DEMİR GRUP SİVASSPOR,4,YENİ MALATYA STADYUMU - MALATYA - MALATYA MERKEZ,BÜLENT YILDIRIM,7.10.2018 - 13:30
1066,https://www.tff.org/Default.aspx?pageId=29&macId=194579,FENERBAHÇE A.Ş.,0,MEDİPOL BAŞAKŞEHİR FK,0,ÜLKER STADYUMU FB ŞÜKRÜ SARACOĞLU SPOR KOMPLEKSİ -,ALİ PALABIYIK,7.10.2018 - 18:00
1068,https://www.tff.org/Default.aspx?pageId=29&macId=194581,AKHİSARSPOR,1,TRABZONSPOR A.Ş.,3,SPOR TOTO AKHİSAR STADYUMU - MANİSA - AKHİSAR,HALİL UMUT MELER,7.10.2018 - 19:00
1070,https://www.tff.org/Default.aspx?pageId=29&macId=194583,ATİKER KONYASPOR,2,BEŞİKTAŞ A.Ş.,2,KONYA BÜYÜKŞEHİR BELEDİYE STADYUMU - KONYA,ÜMİT ÖZTÜRK,7.10.2018 - 20:30
1075,https://www.tff.org/Default.aspx?pageId=29&macId=194588,GALATASARAY A.Ş.,1,BURSASPOR,1,ALİ SAMİ YEN SPOR KOMPLEKSİ TÜRK TELEKOM STADYUMU ,ALİ PALABIYIK,19.10.2018 - 20:30
1074,https://www.tff.org/Default.aspx?pageId=29&macId=194587,KASIMPAŞA A.Ş.,5,AKHİSARSPOR,0,RECEP TAYYİP ERDOĞAN STADYUMU - İSTANBUL,SUAT ARSLANBOĞA,20.10.2018 - 13:30
1073,https://www.tff.org/Default.aspx?pageId=29&macId=194586,MEDİPOL BAŞAKŞEHİR FK,1,KAYSERİSPOR,0,3.İSTANBUL BAŞAKŞEHİR FATİH TERİM - İSTANBUL - BAŞ,HÜSEYİN GÖÇEK,20.10.2018 - 16:00
1077,https://www.tff.org/Default.aspx?pageId=29&macId=194590,DEMİR GRUP SİVASSPOR,0,FENERBAHÇE A.Ş.,0,YENİ 4 EYLÜL STADI - SİVAS,HALİS ÖZKAHYA,20.10.2018 - 19:00
1078,https://www.tff.org/Default.aspx?pageId=29&macId=194591,ÇAYKUR RİZESPOR A.Ş.,1,ATİKER KONYASPOR,1,ÇAYKUR DİDİ - RİZE,VOLKAN BAYARSLAN,21.10.2018 - 13:30
1076,https://www.tff.org/Default.aspx?pageId=29&macId=194589,MKE ANKARAGÜCÜ,1,EVKUR YENİ MALATYASPOR,0,OSMANLI STADI - ANKARA,ALPER ULUSOY,21.10.2018 - 16:00
1080,https://www.tff.org/Default.aspx?pageId=29&macId=194593,AYTEMİZ ALANYASPOR,0,ANTALYASPOR A.Ş.,1,BAHÇEŞEHİR OKULLARI STADYUMU - ANTALYA - ALANYA,METE KALKAVAN,21.10.2018 - 16:00
1081,https://www.tff.org/Default.aspx?pageId=29&macId=194594,GÖZTEPE A.Ş.,2,BEŞİKTAŞ A.Ş.,0,BORNOVA STADI - İZMİR - BORNOVA,FIRAT AYDINUS,21.10.2018 - 19:00
1079,https://www.tff.org/Default.aspx?pageId=29&macId=194592,TRABZONSPOR A.Ş.,0,BÜYÜKŞEHİR BELEDİYE ERZURUMSPOR,0,ŞENOL GÜNEŞ SPOR KOMPLEKSİ - TRABZON - TRABZON MER,BÜLENT YILDIRIM,22.10.2018 - 20:00
1083,https://www.tff.org/Default.aspx?pageId=29&macId=194596,BURSASPOR,2,AYTEMİZ ALANYASPOR,0,BURSA BÜYÜKŞEHİR BELEDİYE STADYUMU - BURSA,HALİL UMUT MELER,26.10.2018 - 20:30
1086,https://www.tff.org/Default.aspx?pageId=29&macId=194599,BÜYÜKŞEHİR BELEDİYE ERZURUMSPOR,1,KASIMPAŞA A.Ş.,1,ERZURUM KAZIM KARABEKİR - ERZURUM,ARDA KARDEŞLER,27.10.2018 - 13:30
1089,https://www.tff.org/Default.aspx?pageId=29&macId=194602,ATİKER KONYASPOR,0,MEDİPOL BAŞAKŞEHİR FK,1,KONYA BÜYÜKŞEHİR BELEDİYE STADYUMU - KONYA,CÜNEYT ÇAKIR,27.10.2018 - 16:00
1085,https://www.tff.org/Default.aspx?pageId=29&macId=194598,ANTALYASPOR A.Ş.,1,TRABZONSPOR A.Ş.,1,ANTALYA STADYUMU - ANTALYA,YAŞAR KEMAL UĞURLU,27.10.2018 - 19:00
1082,https://www.tff.org/Default.aspx?pageId=29&macId=194595,KAYSERİSPOR,2,DEMİR GRUP SİVASSPOR,0,BÜYÜKŞEHİR BELEDİYESİ KADİR HAS - KAYSERİ,ALPER ULUSOY,28.10.2018 - 13:30
1084,https://www.tff.org/Default.aspx?pageId=29&macId=194597,EVKUR YENİ MALATYASPOR,2,GALATASARAY A.Ş.,0,YENİ MALATYA STADYUMU - MALATYA - MALATYA MERKEZ,HALİS ÖZKAHYA,28.10.2018 - 18:00
1090,https://www.tff.org/Default.aspx?pageId=29&macId=194603,FENERBAHÇE A.Ş.,1,MKE ANKARAGÜCÜ,3,ÜLKER STADYUMU FB ŞÜKRÜ SARACOĞLU SPOR KOMPLEKSİ -,HÜSEYİN GÖÇEK,28.10.2018 - 20:30
1087,https://www.tff.org/Default.aspx?pageId=29&macId=194600,AKHİSARSPOR,1,GÖZTEPE A.Ş.,0,SPOR TOTO AKHİSAR STADYUMU - MANİSA - AKHİSAR,MUSTAFA ÖĞRETMENOĞLU,29.10.2018 - 20:00
1088,https://www.tff.org/Default.aspx?pageId=29&macId=194601,BEŞİKTAŞ A.Ş.,4,ÇAYKUR RİZESPOR A.Ş.,1,VODAFONE PARK - İSTANBUL - BEŞİKTAŞ,BÜLENT YILDIRIM,29.10.2018 - 20:00
1099,https://www.tff.org/Default.aspx?pageId=29&macId=194612,GALATASARAY A.Ş.,2,FENERBAHÇE A.Ş.,2,ALİ SAMİ YEN SPOR KOMPLEKSİ TÜRK TELEKOM STADYUMU ,FIRAT AYDINUS,2.11.2018 - 21:00
1091,https://www.tff.org/Default.aspx?pageId=29&macId=194604,KASIMPAŞA A.Ş.,1,ANTALYASPOR A.Ş.,2,RECEP TAYYİP ERDOĞAN STADYUMU - İSTANBUL,ÜMİT ÖZTÜRK,3.11.2018 - 13:30
1097,https://www.tff.org/Default.aspx?pageId=29&macId=194610,AKHİSARSPOR,1,BÜYÜKŞEHİR BELEDİYE ERZURUMSPOR,1,SPOR TOTO AKHİSAR STADYUMU - MANİSA - AKHİSAR,METE KALKAVAN,3.11.2018 - 16:00
1096,https://www.tff.org/Default.aspx?pageId=29&macId=194609,MEDİPOL BAŞAKŞEHİR FK,1,BEŞİKTAŞ A.Ş.,0,3.İSTANBUL BAŞAKŞEHİR FATİH TERİM - İSTANBUL - BAŞ,HALİS ÖZKAHYA,3.11.2018 - 19:00
1094,https://www.tff.org/Default.aspx?pageId=29&macId=194607,MKE ANKARAGÜCÜ,3,KAYSERİSPOR,1,OSMANLI STADI - ANKARA,HALİL UMUT MELER,4.11.2018 - 13:30
1098,https://www.tff.org/Default.aspx?pageId=29&macId=194611,AYTEMİZ ALANYASPOR,0,EVKUR YENİ MALATYASPOR,1,BAHÇEŞEHİR OKULLARI STADYUMU - ANTALYA - ALANYA,CÜNEYT ÇAKIR,4.11.2018 - 16:00
1092,https://www.tff.org/Default.aspx?pageId=29&macId=194605,TRABZONSPOR A.Ş.,1,BURSASPOR,1,ŞENOL GÜNEŞ SPOR KOMPLEKSİ - TRABZON - TRABZON MER,ALPER ULUSOY,4.11.2018 - 19:00
1093,https://www.tff.org/Default.aspx?pageId=29&macId=194606,GÖZTEPE A.Ş.,2,ÇAYKUR RİZESPOR A.Ş.,0,BORNOVA STADI - İZMİR - BORNOVA,YAŞAR KEMAL UĞURLU,5.11.2018 - 20:00
1095,https://www.tff.org/Default.aspx?pageId=29&macId=194608,DEMİR GRUP SİVASSPOR,0,ATİKER KONYASPOR,0,YENİ 4 EYLÜL STADI - SİVAS,MUSTAFA ÖĞRETMENOĞLU,5.11.2018 - 20:00
1103,https://www.tff.org/Default.aspx?pageId=29&macId=194616,EVKUR YENİ MALATYASPOR,5,TRABZONSPOR A.Ş.,0,YENİ MALATYA STADYUMU - MALATYA - MALATYA MERKEZ,ARDA KARDEŞLER,9.11.2018 - 20:00
1105,https://www.tff.org/Default.aspx?pageId=29&macId=194618,BÜYÜKŞEHİR BELEDİYE ERZURUMSPOR,2,GÖZTEPE A.Ş.,1,ERZURUM KAZIM KARABEKİR - ERZURUM,HÜSEYİN GÖÇEK,10.11.2018 - 13:30
1107,https://www.tff.org/Default.aspx?pageId=29&macId=194620,ATİKER KONYASPOR,2,MKE ANKARAGÜCÜ,0,KONYA BÜYÜKŞEHİR BELEDİYE STADYUMU - KONYA,SUAT ARSLANBOĞA,10.11.2018 - 13:30
1106,https://www.tff.org/Default.aspx?pageId=29&macId=194619,ÇAYKUR RİZESPOR A.Ş.,1,MEDİPOL BAŞAKŞEHİR FK,2,ÇAYKUR DİDİ - RİZE,HALİL UMUT MELER,10.11.2018 - 16:00
1101,https://www.tff.org/Default.aspx?pageId=29&macId=194614,KAYSERİSPOR,0,GALATASARAY A.Ş.,3,BÜYÜKŞEHİR BELEDİYESİ KADİR HAS - KAYSERİ,ÜMİT ÖZTÜRK,10.11.2018 - 19:00
1102,https://www.tff.org/Default.aspx?pageId=29&macId=194615,BURSASPOR,1,KASIMPAŞA A.Ş.,2,BURSA BÜYÜKŞEHİR BELEDİYE STADYUMU - BURSA,METE KALKAVAN,11.11.2018 - 13:30
1108,https://www.tff.org/Default.aspx?pageId=29&macId=194621,FENERBAHÇE A.Ş.,2,AYTEMİZ ALANYASPOR,0,ÜLKER STADYUMU FB ŞÜKRÜ SARACOĞLU SPOR KOMPLEKSİ -,ALPER ULUSOY,11.11.2018 - 18:00
1104,https://www.tff.org/Default.aspx?pageId=29&macId=194617,ANTALYASPOR A.Ş.,1,AKHİSARSPOR,2,ANTALYA STADYUMU - ANTALYA,ALİ PALABIYIK,11.11.2018 - 19:00
1100,https://www.tff.org/Default.aspx?pageId=29&macId=194613,BEŞİKTAŞ A.Ş.,1,DEMİR GRUP SİVASSPOR,2,VODAFONE PARK - İSTANBUL - BEŞİKTAŞ,YAŞAR KEMAL UĞURLU,11.11.2018 - 20:30
1116,https://www.tff.org/Default.aspx?pageId=29&macId=194629,GALATASARAY A.Ş.,1,ATİKER KONYASPOR,1,ALİ SAMİ YEN SPOR KOMPLEKSİ TÜRK TELEKOM STADYUMU ,HÜSEYİN GÖÇEK,23.11.2018 - 20:30
1113,https://www.tff.org/Default.aspx?pageId=29&macId=194626,BÜYÜKŞEHİR BELEDİYE ERZURUMSPOR,1,ANTALYASPOR A.Ş.,0,ERZURUM KAZIM KARABEKİR - ERZURUM,ALPER ULUSOY,24.11.2018 - 13:30
1111,https://www.tff.org/Default.aspx?pageId=29&macId=194624,AYTEMİZ ALANYASPOR,5,KAYSERİSPOR,0,BAHÇEŞEHİR OKULLARI STADYUMU - ANTALYA - ALANYA,ARDA KARDEŞLER,24.11.2018 - 16:00
1307,https://www.tff.org/Default.aspx?pageId=29&macId=205810,MKE ANKARAGÜCÜ,1,BEŞİKTAŞ A.Ş.,4,BÜYÜKŞEHİR BELEDİYESİ KADİR HAS - KAYSERİ,METE KALKAVAN,24.11.2018 - 19:00
1112,https://www.tff.org/Default.aspx?pageId=29&macId=194625,DEMİR GRUP SİVASSPOR,1,ÇAYKUR RİZESPOR A.Ş.,1,YENİ 4 EYLÜL STADI - SİVAS,ÜMİT ÖZTÜRK,25.11.2018 - 13:30
1114,https://www.tff.org/Default.aspx?pageId=29&macId=194627,AKHİSARSPOR,2,BURSASPOR,4,SPOR TOTO AKHİSAR STADYUMU - MANİSA - AKHİSAR,VOLKAN BAYARSLAN,25.11.2018 - 16:00
1110,https://www.tff.org/Default.aspx?pageId=29&macId=194623,TRABZONSPOR A.Ş.,2,FENERBAHÇE A.Ş.,1,ŞENOL GÜNEŞ SPOR KOMPLEKSİ - TRABZON - TRABZON MER,HALİL UMUT MELER,25.11.2018 - 19:00
1115,https://www.tff.org/Default.aspx?pageId=29&macId=194628,KASIMPAŞA A.Ş.,3,EVKUR YENİ MALATYASPOR,0,RECEP TAYYİP ERDOĞAN STADYUMU - İSTANBUL,FIRAT AYDINUS,25.11.2018 - 19:00
1117,https://www.tff.org/Default.aspx?pageId=29&macId=194630,GÖZTEPE A.Ş.,0,MEDİPOL BAŞAKŞEHİR FK,2,BORNOVA STADI - İZMİR - BORNOVA,BÜLENT YILDIRIM,26.11.2018 - 20:00
1119,https://www.tff.org/Default.aspx?pageId=29&macId=194632,ÇAYKUR RİZESPOR A.Ş.,1,MKE ANKARAGÜCÜ,1,ÇAYKUR DİDİ - RİZE,FIRAT AYDINUS,30.11.2018 - 20:00
1124,https://www.tff.org/Default.aspx?pageId=29&macId=194637,ATİKER KONYASPOR,2,AYTEMİZ ALANYASPOR,0,KONYA BÜYÜKŞEHİR BELEDİYE STADYUMU - KONYA,HALİL UMUT MELER,30.11.2018 - 20:00
1118,https://www.tff.org/Default.aspx?pageId=29&macId=194631,MEDİPOL BAŞAKŞEHİR FK,0,DEMİR GRUP SİVASSPOR,1,3.İSTANBUL BAŞAKŞEHİR FATİH TERİM - İSTANBUL - BAŞ,ALPER ULUSOY,1.12.2018 - 16:00
1122,https://www.tff.org/Default.aspx?pageId=29&macId=194635,ANTALYASPOR A.Ş.,1,GÖZTEPE A.Ş.,0,ANTALYA STADYUMU - ANTALYA,SUAT ARSLANBOĞA,1.12.2018 - 16:00
1125,https://www.tff.org/Default.aspx?pageId=29&macId=194638,KAYSERİSPOR,0,TRABZONSPOR A.Ş.,2,BÜYÜKŞEHİR BELEDİYESİ KADİR HAS - KAYSERİ,MUSTAFA ÖĞRETMENOĞLU,1.12.2018 - 19:00
1120,https://www.tff.org/Default.aspx?pageId=29&macId=194633,BURSASPOR,2,BÜYÜKŞEHİR BELEDİYE ERZURUMSPOR,1,BURSA BÜYÜKŞEHİR BELEDİYE STADYUMU - BURSA,ALİ PALABIYIK,2.12.2018 - 16:00
1123,https://www.tff.org/Default.aspx?pageId=29&macId=194636,BEŞİKTAŞ A.Ş.,1,GALATASARAY A.Ş.,0,VODAFONE PARK - İSTANBUL - BEŞİKTAŞ,CÜNEYT ÇAKIR,2.12.2018 - 20:00
1121,https://www.tff.org/Default.aspx?pageId=29&macId=194634,EVKUR YENİ MALATYASPOR,1,AKHİSARSPOR,1,YENİ MALATYA STADYUMU - MALATYA - MALATYA MERKEZ,ÖZGÜR YANKAYA,3.12.2018 - 20:00
1126,https://www.tff.org/Default.aspx?pageId=29&macId=194639,FENERBAHÇE A.Ş.,2,KASIMPAŞA A.Ş.,2,ÜLKER STADYUMU FB ŞÜKRÜ SARACOĞLU SPOR KOMPLEKSİ -,YAŞAR KEMAL UĞURLU,3.12.2018 - 20:00
1129,https://www.tff.org/Default.aspx?pageId=29&macId=194642,AYTEMİZ ALANYASPOR,0,BEŞİKTAŞ A.Ş.,0,BAHÇEŞEHİR OKULLARI STADYUMU - ANTALYA - ALANYA,ALPER ULUSOY,7.12.2018 - 20:00
1130,https://www.tff.org/Default.aspx?pageId=29&macId=194643,DEMİR GRUP SİVASSPOR,2,GÖZTEPE A.Ş.,0,YENİ 4 EYLÜL STADI - SİVAS,ARDA KARDEŞLER,8.12.2018 - 13:30
1133,https://www.tff.org/Default.aspx?pageId=29&macId=194646,TRABZONSPOR A.Ş.,3,ATİKER KONYASPOR,0,ŞENOL GÜNEŞ SPOR KOMPLEKSİ - TRABZON - TRABZON MER,METE KALKAVAN,8.12.2018 - 16:00
1134,https://www.tff.org/Default.aspx?pageId=29&macId=194647,GALATASARAY A.Ş.,2,ÇAYKUR RİZESPOR A.Ş.,2,ALİ SAMİ YEN SPOR KOMPLEKSİ TÜRK TELEKOM STADYUMU ,ALİ PALABIYIK,8.12.2018 - 19:00
1131,https://www.tff.org/Default.aspx?pageId=29&macId=194644,BÜYÜKŞEHİR BELEDİYE ERZURUMSPOR,1,EVKUR YENİ MALATYASPOR,3,ERZURUM KAZIM KARABEKİR - ERZURUM,HALİL UMUT MELER,9.12.2018 - 13:30
1135,https://www.tff.org/Default.aspx?pageId=29&macId=194648,BURSASPOR,0,ANTALYASPOR A.Ş.,2,BURSA BÜYÜKŞEHİR BELEDİYE STADYUMU - BURSA,FIRAT AYDINUS,9.12.2018 - 16:00
1128,https://www.tff.org/Default.aspx?pageId=29&macId=194641,AKHİSARSPOR,3,FENERBAHÇE A.Ş.,0,SPOR TOTO AKHİSAR STADYUMU - MANİSA - AKHİSAR,BÜLENT YILDIRIM,9.12.2018 - 19:00
1127,https://www.tff.org/Default.aspx?pageId=29&macId=194640,MKE ANKARAGÜCÜ,0,MEDİPOL BAŞAKŞEHİR FK,1,ZAFER STADI - AFYON,CÜNEYT ÇAKIR,10.12.2018 - 20:00
1132,https://www.tff.org/Default.aspx?pageId=29&macId=194645,KASIMPAŞA A.Ş.,0,KAYSERİSPOR,3,RECEP TAYYİP ERDOĞAN STADYUMU - İSTANBUL,SERKAN ÇINAR,10.12.2018 - 20:00
1138,https://www.tff.org/Default.aspx?pageId=29&macId=194651,GÖZTEPE A.Ş.,0,BURSASPOR,0,BORNOVA STADI - İZMİR - BORNOVA,MUSTAFA ÖĞRETMENOĞLU,14.12.2018 - 20:30
1136,https://www.tff.org/Default.aspx?pageId=29&macId=194649,ÇAYKUR RİZESPOR A.Ş.,1,AYTEMİZ ALANYASPOR,1,ÇAYKUR DİDİ - RİZE,CÜNEYT ÇAKIR,15.12.2018 - 13:30
1140,https://www.tff.org/Default.aspx?pageId=29&macId=194653,DEMİR GRUP SİVASSPOR,4,MKE ANKARAGÜCÜ,0,YENİ 4 EYLÜL STADI - SİVAS,VOLKAN BAYARSLAN,15.12.2018 - 13:30
1143,https://www.tff.org/Default.aspx?pageId=29&macId=194656,ATİKER KONYASPOR,3,KASIMPAŞA A.Ş.,2,KONYA BÜYÜKŞEHİR BELEDİYE STADYUMU - KONYA,BÜLENT YILDIRIM,15.12.2018 - 16:00
1141,https://www.tff.org/Default.aspx?pageId=29&macId=194654,MEDİPOL BAŞAKŞEHİR FK,1,GALATASARAY A.Ş.,1,3.İSTANBUL BAŞAKŞEHİR FATİH TERİM - İSTANBUL - BAŞ,ÜMİT ÖZTÜRK,15.12.2018 - 19:00
1139,https://www.tff.org/Default.aspx?pageId=29&macId=194652,EVKUR YENİ MALATYASPOR,2,ANTALYASPOR A.Ş.,0,YENİ MALATYA STADYUMU - MALATYA - MALATYA MERKEZ,METE KALKAVAN,16.12.2018 - 13:30
1137,https://www.tff.org/Default.aspx?pageId=29&macId=194650,KAYSERİSPOR,1,AKHİSARSPOR,0,BÜYÜKŞEHİR BELEDİYESİ KADİR HAS - KAYSERİ,SUAT ARSLANBOĞA,16.12.2018 - 16:00
1142,https://www.tff.org/Default.aspx?pageId=29&macId=194655,BEŞİKTAŞ A.Ş.,2,TRABZONSPOR A.Ş.,2,VODAFONE PARK - İSTANBUL - BEŞİKTAŞ,HALİL UMUT MELER,16.12.2018 - 19:00
1144,https://www.tff.org/Default.aspx?pageId=29&macId=194657,FENERBAHÇE A.Ş.,2,BÜYÜKŞEHİR BELEDİYE ERZURUMSPOR,2,ÜLKER STADYUMU FB ŞÜKRÜ SARACOĞLU SPOR KOMPLEKSİ -,FIRAT AYDINUS,17.12.2018 - 20:00
1145,https://www.tff.org/Default.aspx?pageId=29&macId=194658,MKE ANKARAGÜCÜ,0,GÖZTEPE A.Ş.,3,BÜYÜKŞEHİR BELEDİYESİ KADİR HAS - KAYSERİ,ÖZGÜR YANKAYA,22.12.2018 - 13:30
1152,https://www.tff.org/Default.aspx?pageId=29&macId=194665,AYTEMİZ ALANYASPOR,1,MEDİPOL BAŞAKŞEHİR FK,1,BAHÇEŞEHİR OKULLARI STADYUMU - ANTALYA - ALANYA,ALİ PALABIYIK,22.12.2018 - 16:00
1146,https://www.tff.org/Default.aspx?pageId=29&macId=194659,KASIMPAŞA A.Ş.,4,BEŞİKTAŞ A.Ş.,1,RECEP TAYYİP ERDOĞAN STADYUMU - İSTANBUL,CÜNEYT ÇAKIR,22.12.2018 - 19:00
1149,https://www.tff.org/Default.aspx?pageId=29&macId=194662,BÜYÜKŞEHİR BELEDİYE ERZURUMSPOR,1,KAYSERİSPOR,1,ERZURUM KAZIM KARABEKİR - ERZURUM,HÜSEYİN GÖÇEK,23.12.2018 - 13:30
1151,https://www.tff.org/Default.aspx?pageId=29&macId=194664,TRABZONSPOR A.Ş.,4,ÇAYKUR RİZESPOR A.Ş.,1,ŞENOL GÜNEŞ SPOR KOMPLEKSİ - TRABZON - TRABZON MER,FIRAT AYDINUS,23.12.2018 - 16:00
1153,https://www.tff.org/Default.aspx?pageId=29&macId=194666,BURSASPOR,1,EVKUR YENİ MALATYASPOR,1,BURSA BÜYÜKŞEHİR BELEDİYE STADYUMU - BURSA,BÜLENT YILDIRIM,23.12.2018 - 16:00
1147,https://www.tff.org/Default.aspx?pageId=29&macId=194660,GALATASARAY A.Ş.,4,DEMİR GRUP SİVASSPOR,2,ALİ SAMİ YEN SPOR KOMPLEKSİ TÜRK TELEKOM STADYUMU ,HALİL UMUT MELER,23.12.2018 - 19:00
1148,https://www.tff.org/Default.aspx?pageId=29&macId=194661,ANTALYASPOR A.Ş.,0,FENERBAHÇE A.Ş.,0,ANTALYA STADYUMU - ANTALYA,ÜMİT ÖZTÜRK,24.12.2018 - 20:00
1150,https://www.tff.org/Default.aspx?pageId=29&macId=194663,AKHİSARSPOR,0,ATİKER KONYASPOR,0,SPOR TOTO AKHİSAR STADYUMU - MANİSA - AKHİSAR,ALPER ULUSOY,24.12.2018 - 20:00
1158,https://www.tff.org/Default.aspx?pageId=29&macId=194671,AKHİSARSPOR,0,BEŞİKTAŞ A.Ş.,3,SPOR TOTO AKHİSAR STADYUMU - MANİSA - AKHİSAR,ÜMİT ÖZTÜRK,18.01.2019 - 20:30
1159,https://www.tff.org/Default.aspx?pageId=29&macId=194672,BÜYÜKŞEHİR BELEDİYE ERZURUMSPOR,1,ATİKER KONYASPOR,2,ERZURUM KAZIM KARABEKİR - ERZURUM,ALİ PALABIYIK,19.01.2019 - 13:30
1162,https://www.tff.org/Default.aspx?pageId=29&macId=194675,EVKUR YENİ MALATYASPOR,3,GÖZTEPE A.Ş.,2,YENİ MALATYA STADYUMU - MALATYA - MALATYA MERKEZ,HÜSEYİN GÖÇEK,19.01.2019 - 13:30
1160,https://www.tff.org/Default.aspx?pageId=29&macId=194673,ANTALYASPOR A.Ş.,0,İSTİKBAL MOBİLYA KAYSERİSPOR,0,ANTALYA STADYUMU - ANTALYA,ÖZGÜR YANKAYA,19.01.2019 - 16:00
1154,https://www.tff.org/Default.aspx?pageId=29&macId=194667,GALATASARAY A.Ş.,6,MKE ANKARAGÜCÜ,0,ALİ SAMİ YEN SPOR KOMPLEKSİ TÜRK TELEKOM STADYUMU ,ALPER ULUSOY,19.01.2019 - 19:00
1157,https://www.tff.org/Default.aspx?pageId=29&macId=194670,AYTEMİZ ALANYASPOR,2,DEMİR GRUP SİVASSPOR,0,BAHÇEŞEHİR OKULLARI STADYUMU - ANTALYA - ALANYA,METE KALKAVAN,20.01.2019 - 16:00
1155,https://www.tff.org/Default.aspx?pageId=29&macId=194668,TRABZONSPOR A.Ş.,2,MEDİPOL BAŞAKŞEHİR FK,4,ŞENOL GÜNEŞ SPOR KOMPLEKSİ - TRABZON - TRABZON MER,HALİL UMUT MELER,20.01.2019 - 19:00
1156,https://www.tff.org/Default.aspx?pageId=29&macId=194669,KASIMPAŞA A.Ş.,0,ÇAYKUR RİZESPOR A.Ş.,1,RECEP TAYYİP ERDOĞAN STADYUMU - İSTANBUL,MUSTAFA ÖĞRETMENOĞLU,21.01.2019 - 20:00
1161,https://www.tff.org/Default.aspx?pageId=29&macId=194674,BURSASPOR,1,FENERBAHÇE A.Ş.,1,BURSA BÜYÜKŞEHİR BELEDİYE STADYUMU - BURSA,CÜNEYT ÇAKIR,21.01.2019 - 20:00
1166,https://www.tff.org/Default.aspx?pageId=29&macId=194679,BEŞİKTAŞ A.Ş.,1,BÜYÜKŞEHİR BELEDİYE ERZURUMSPOR,1,VODAFONE PARK - İSTANBUL - BEŞİKTAŞ,MUSTAFA ÖĞRETMENOĞLU,25.01.2019 - 20:30
1164,https://www.tff.org/Default.aspx?pageId=29&macId=194677,İSTİKBAL MOBİLYA KAYSERİSPOR,1,BURSASPOR,1,BÜYÜKŞEHİR BELEDİYESİ KADİR HAS - KAYSERİ,YAŞAR KEMAL UĞURLU,26.01.2019 - 16:00
1169,https://www.tff.org/Default.aspx?pageId=29&macId=194682,GÖZTEPE A.Ş.,0,GALATASARAY A.Ş.,1,BORNOVA STADI - İZMİR - BORNOVA,BÜLENT YILDIRIM,26.01.2019 - 19:00
1170,https://www.tff.org/Default.aspx?pageId=29&macId=194683,ÇAYKUR RİZESPOR A.Ş.,3,AKHİSARSPOR,1,ÇAYKUR DİDİ - RİZE,SUAT ARSLANBOĞA,27.01.2019 - 13:30
1165,https://www.tff.org/Default.aspx?pageId=29&macId=194678,ATİKER KONYASPOR,2,ANTALYASPOR A.Ş.,0,KONYA BÜYÜKŞEHİR BELEDİYE STADYUMU - KONYA,VOLKAN BAYARSLAN,27.01.2019 - 16:00
1163,https://www.tff.org/Default.aspx?pageId=29&macId=194676,DEMİR GRUP SİVASSPOR,1,TRABZONSPOR A.Ş.,1,YENİ 4 EYLÜL STADI - SİVAS,ALPER ULUSOY,27.01.2019 - 19:00
1167,https://www.tff.org/Default.aspx?pageId=29&macId=194680,MEDİPOL BAŞAKŞEHİR FK,2,KASIMPAŞA A.Ş.,0,3.İSTANBUL BAŞAKŞEHİR FATİH TERİM - İSTANBUL - BAŞ,METE KALKAVAN,28.01.2019 - 20:00
1168,https://www.tff.org/Default.aspx?pageId=29&macId=194681,MKE ANKARAGÜCÜ,0,AYTEMİZ ALANYASPOR,2,ERYAMAN STADYUMU - ANKARA - ETİMESGUT,HALİS ÖZKAHYA,28.01.2019 - 20:00
1171,https://www.tff.org/Default.aspx?pageId=29&macId=194684,FENERBAHÇE A.Ş.,3,EVKUR YENİ MALATYASPOR,2,ÜLKER STADYUMU FB ŞÜKRÜ SARACOĞLU SPOR KOMPLEKSİ -,ALİ PALABIYIK,28.01.2019 - 20:00
1172,https://www.tff.org/Default.aspx?pageId=29&macId=194685,FENERBAHÇE A.Ş.,2,GÖZTEPE A.Ş.,0,ÜLKER STADYUMU FB ŞÜKRÜ SARACOĞLU SPOR KOMPLEKSİ -,SUAT ARSLANBOĞA,1.02.2019 - 20:30
1178,https://www.tff.org/Default.aspx?pageId=29&macId=194691,EVKUR YENİ MALATYASPOR,1,İSTİKBAL MOBİLYA KAYSERİSPOR,1,YENİ MALATYA STADYUMU - MALATYA - MALATYA MERKEZ,METE KALKAVAN,2.02.2019 - 13:30
1173,https://www.tff.org/Default.aspx?pageId=29&macId=194686,KASIMPAŞA A.Ş.,1,DEMİR GRUP SİVASSPOR,3,RECEP TAYYİP ERDOĞAN STADYUMU - İSTANBUL,ARDA KARDEŞLER,2.02.2019 - 16:00
1175,https://www.tff.org/Default.aspx?pageId=29&macId=194688,TRABZONSPOR A.Ş.,1,MKE ANKARAGÜCÜ,0,ŞENOL GÜNEŞ SPOR KOMPLEKSİ - TRABZON - TRABZON MER,MUSTAFA ÖĞRETMENOĞLU,2.02.2019 - 16:00
1179,https://www.tff.org/Default.aspx?pageId=29&macId=194692,AYTEMİZ ALANYASPOR,1,GALATASARAY A.Ş.,1,BAHÇEŞEHİR OKULLARI STADYUMU - ANTALYA - ALANYA,ALPER ULUSOY,2.02.2019 - 19:00
1177,https://www.tff.org/Default.aspx?pageId=29&macId=194690,BÜYÜKŞEHİR BELEDİYE ERZURUMSPOR,0,ÇAYKUR RİZESPOR A.Ş.,1,ERZURUM KAZIM KARABEKİR - ERZURUM,ÖZGÜR YANKAYA,3.02.2019 - 13:30
1176,https://www.tff.org/Default.aspx?pageId=29&macId=194689,AKHİSARSPOR,0,MEDİPOL BAŞAKŞEHİR FK,3,SPOR TOTO AKHİSAR STADYUMU - MANİSA - AKHİSAR,HÜSEYİN GÖÇEK,3.02.2019 - 16:00
1174,https://www.tff.org/Default.aspx?pageId=29&macId=194687,ANTALYASPOR A.Ş.,2,BEŞİKTAŞ A.Ş.,6,ANTALYA STADYUMU - ANTALYA,BÜLENT YILDIRIM,3.02.2019 - 19:00
1180,https://www.tff.org/Default.aspx?pageId=29&macId=194693,BURSASPOR,0,ATİKER KONYASPOR,0,BURSA BÜYÜKŞEHİR BELEDİYE STADYUMU - BURSA,HALİS ÖZKAHYA,4.02.2019 - 20:00
1183,https://www.tff.org/Default.aspx?pageId=29&macId=194696,İSTİKBAL MOBİLYA KAYSERİSPOR,1,FENERBAHÇE A.Ş.,0,BÜYÜKŞEHİR BELEDİYESİ KADİR HAS - KAYSERİ,ALPER ULUSOY,8.02.2019 - 20:30
1181,https://www.tff.org/Default.aspx?pageId=29&macId=194694,MEDİPOL BAŞAKŞEHİR FK,1,BÜYÜKŞEHİR BELEDİYE ERZURUMSPOR,1,3.İSTANBUL BAŞAKŞEHİR FATİH TERİM - İSTANBUL - BAŞ,CÜNEYT ÇAKIR,9.02.2019 - 16:00
1184,https://www.tff.org/Default.aspx?pageId=29&macId=194697,ÇAYKUR RİZESPOR A.Ş.,1,ANTALYASPOR A.Ş.,1,ÇAYKUR DİDİ - RİZE,HALİS ÖZKAHYA,9.02.2019 - 16:00
1188,https://www.tff.org/Default.aspx?pageId=29&macId=194701,BEŞİKTAŞ A.Ş.,2,BURSASPOR,0,VODAFONE PARK - İSTANBUL - BEŞİKTAŞ,METE KALKAVAN,9.02.2019 - 19:00
1189,https://www.tff.org/Default.aspx?pageId=29&macId=194702,ATİKER KONYASPOR,1,EVKUR YENİ MALATYASPOR,1,KONYA BÜYÜKŞEHİR BELEDİYE STADYUMU - KONYA,HALİL UMUT MELER,10.02.2019 - 13:30
1187,https://www.tff.org/Default.aspx?pageId=29&macId=194700,GÖZTEPE A.Ş.,3,AYTEMİZ ALANYASPOR,2,BORNOVA STADI - İZMİR - BORNOVA,FIRAT AYDINUS,10.02.2019 - 16:00
1186,https://www.tff.org/Default.aspx?pageId=29&macId=194699,GALATASARAY A.Ş.,3,TRABZONSPOR A.Ş.,1,ALİ SAMİ YEN SPOR KOMPLEKSİ TÜRK TELEKOM STADYUMU ,ÜMİT ÖZTÜRK,10.02.2019 - 19:00
1182,https://www.tff.org/Default.aspx?pageId=29&macId=194695,MKE ANKARAGÜCÜ,3,KASIMPAŞA A.Ş.,0,ERYAMAN STADYUMU - ANKARA - ETİMESGUT,SUAT ARSLANBOĞA,11.02.2019 - 20:00
1185,https://www.tff.org/Default.aspx?pageId=29&macId=194698,DEMİR GRUP SİVASSPOR,2,AKHİSARSPOR,1,YENİ 4 EYLÜL STADI - SİVAS,ALİ PALABIYIK,11.02.2019 - 20:00
1197,https://www.tff.org/Default.aspx?pageId=29&macId=194710,EVKUR YENİ MALATYASPOR,1,BEŞİKTAŞ A.Ş.,2,YENİ MALATYA STADYUMU - MALATYA - MALATYA MERKEZ,CÜNEYT ÇAKIR,15.02.2019 - 20:30
1190,https://www.tff.org/Default.aspx?pageId=29&macId=194703,AKHİSARSPOR,0,MKE ANKARAGÜCÜ,0,SPOR TOTO AKHİSAR STADYUMU - MANİSA - AKHİSAR,HALİS ÖZKAHYA,16.02.2019 - 13:30
1196,https://www.tff.org/Default.aspx?pageId=29&macId=194709,BURSASPOR,0,ÇAYKUR RİZESPOR A.Ş.,2,BURSA BÜYÜKŞEHİR BELEDİYE STADYUMU - BURSA,HALİL UMUT MELER,16.02.2019 - 16:00
1198,https://www.tff.org/Default.aspx?pageId=29&macId=194711,FENERBAHÇE A.Ş.,1,ATİKER KONYASPOR,1,ÜLKER STADYUMU FB ŞÜKRÜ SARACOĞLU SPOR KOMPLEKSİ -,FIRAT AYDINUS,16.02.2019 - 19:00
1194,https://www.tff.org/Default.aspx?pageId=29&macId=194707,BÜYÜKŞEHİR BELEDİYE ERZURUMSPOR,4,DEMİR GRUP SİVASSPOR,2,ERZURUM KAZIM KARABEKİR - ERZURUM,BÜLENT YILDIRIM,17.02.2019 - 13:30
1191,https://www.tff.org/Default.aspx?pageId=29&macId=194704,TRABZONSPOR A.Ş.,0,AYTEMİZ ALANYASPOR,2,ŞENOL GÜNEŞ SPOR KOMPLEKSİ - TRABZON - TRABZON MER,SUAT ARSLANBOĞA,17.02.2019 - 16:00
1193,https://www.tff.org/Default.aspx?pageId=29&macId=194706,İSTİKBAL MOBİLYA KAYSERİSPOR,2,GÖZTEPE A.Ş.,1,BÜYÜKŞEHİR BELEDİYESİ KADİR HAS - KAYSERİ,SERKAN TOKAT,17.02.2019 - 16:00
1192,https://www.tff.org/Default.aspx?pageId=29&macId=194705,KASIMPAŞA A.Ş.,1,GALATASARAY A.Ş.,4,RECEP TAYYİP ERDOĞAN STADYUMU - İSTANBUL,ALİ PALABIYIK,17.02.2019 - 19:00
1195,https://www.tff.org/Default.aspx?pageId=29&macId=194708,ANTALYASPOR A.Ş.,0,MEDİPOL BAŞAKŞEHİR FK,1,ANTALYA STADYUMU - ANTALYA,METE KALKAVAN,18.02.2019 - 20:00
1200,https://www.tff.org/Default.aspx?pageId=29&macId=194713,GÖZTEPE A.Ş.,1,TRABZONSPOR A.Ş.,3,BORNOVA STADI - İZMİR - BORNOVA,MUSTAFA ÖĞRETMENOĞLU,22.02.2019 - 20:30
1201,https://www.tff.org/Default.aspx?pageId=29&macId=194714,ÇAYKUR RİZESPOR A.Ş.,3,EVKUR YENİ MALATYASPOR,0,ÇAYKUR DİDİ - RİZE,HÜSEYİN GÖÇEK,22.02.2019 - 20:30
1202,https://www.tff.org/Default.aspx?pageId=29&macId=194715,DEMİR GRUP SİVASSPOR,1,ANTALYASPOR A.Ş.,2,YENİ 4 EYLÜL STADI - SİVAS,CÜNEYT ÇAKIR,23.02.2019 - 13:30
1199,https://www.tff.org/Default.aspx?pageId=29&macId=194712,AYTEMİZ ALANYASPOR,3,KASIMPAŞA A.Ş.,0,BAHÇEŞEHİR OKULLARI STADYUMU - ANTALYA - ALANYA,ABDULKADİR BİTİGEN,23.02.2019 - 16:00
1203,https://www.tff.org/Default.aspx?pageId=29&macId=194716,MKE ANKARAGÜCÜ,2,BÜYÜKŞEHİR BELEDİYE ERZURUMSPOR,1,ERYAMAN STADYUMU - ANKARA - ETİMESGUT,HALİL UMUT MELER,24.02.2019 - 13:30
1205,https://www.tff.org/Default.aspx?pageId=29&macId=194718,ATİKER KONYASPOR,0,İSTİKBAL MOBİLYA KAYSERİSPOR,1,KONYA BÜYÜKŞEHİR BELEDİYE STADYUMU - KONYA,ARDA KARDEŞLER,24.02.2019 - 16:00
1204,https://www.tff.org/Default.aspx?pageId=29&macId=194717,GALATASARAY A.Ş.,1,AKHİSARSPOR,0,ALİ SAMİ YEN SPOR KOMPLEKSİ TÜRK TELEKOM STADYUMU ,SUAT ARSLANBOĞA,24.02.2019 - 19:00
1207,https://www.tff.org/Default.aspx?pageId=29&macId=194720,MEDİPOL BAŞAKŞEHİR FK,3,BURSASPOR,0,3.İSTANBUL BAŞAKŞEHİR FATİH TERİM - İSTANBUL - BAŞ,HALİS ÖZKAHYA,24.02.2019 - 19:00
1206,https://www.tff.org/Default.aspx?pageId=29&macId=194719,BEŞİKTAŞ A.Ş.,3,FENERBAHÇE A.Ş.,3,VODAFONE PARK - İSTANBUL - BEŞİKTAŞ,BÜLENT YILDIRIM,25.02.2019 - 21:00
1208,https://www.tff.org/Default.aspx?pageId=29&macId=194721,ANTALYASPOR A.Ş.,2,MKE ANKARAGÜCÜ,4,ANTALYA STADYUMU - ANTALYA,KORAY GENÇERLER,1.03.2019 - 20:30
1211,https://www.tff.org/Default.aspx?pageId=29&macId=194724,BURSASPOR,3,DEMİR GRUP SİVASSPOR,2,BURSA BÜYÜKŞEHİR BELEDİYE STADYUMU - BURSA,METE KALKAVAN,2.03.2019 - 16:00
1213,https://www.tff.org/Default.aspx?pageId=29&macId=194726,İSTİKBAL MOBİLYA KAYSERİSPOR,2,BEŞİKTAŞ A.Ş.,2,BÜYÜKŞEHİR BELEDİYESİ KADİR HAS - KAYSERİ,SUAT ARSLANBOĞA,2.03.2019 - 16:00
1209,https://www.tff.org/Default.aspx?pageId=29&macId=194722,FENERBAHÇE A.Ş.,3,ÇAYKUR RİZESPOR A.Ş.,2,ÜLKER STADYUMU FB ŞÜKRÜ SARACOĞLU SPOR KOMPLEKSİ -,HALİL UMUT MELER,2.03.2019 - 19:00
1216,https://www.tff.org/Default.aspx?pageId=29&macId=194729,ATİKER KONYASPOR,1,GÖZTEPE A.Ş.,1,KONYA BÜYÜKŞEHİR BELEDİYE STADYUMU - KONYA,ABDULKADİR BİTİGEN,3.03.2019 - 13:30
1212,https://www.tff.org/Default.aspx?pageId=29&macId=194725,EVKUR YENİ MALATYASPOR,0,MEDİPOL BAŞAKŞEHİR FK,2,YENİ MALATYA STADYUMU - MALATYA - MALATYA MERKEZ,FIRAT AYDINUS,3.03.2019 - 16:00
1215,https://www.tff.org/Default.aspx?pageId=29&macId=194728,BÜYÜKŞEHİR BELEDİYE ERZURUMSPOR,1,GALATASARAY A.Ş.,1,ERZURUM KAZIM KARABEKİR - ERZURUM,CÜNEYT ÇAKIR,3.03.2019 - 19:00
1210,https://www.tff.org/Default.aspx?pageId=29&macId=194723,KASIMPAŞA A.Ş.,2,TRABZONSPOR A.Ş.,2,RECEP TAYYİP ERDOĞAN STADYUMU - İSTANBUL,BÜLENT YILDIRIM,4.03.2019 - 20:00
1214,https://www.tff.org/Default.aspx?pageId=29&macId=194727,AKHİSARSPOR,3,AYTEMİZ ALANYASPOR,1,SPOR TOTO AKHİSAR STADYUMU - MANİSA - AKHİSAR,SERKAN TOKAT,4.03.2019 - 20:00
1217,https://www.tff.org/Default.aspx?pageId=29&macId=194730,DEMİR GRUP SİVASSPOR,2,EVKUR YENİ MALATYASPOR,0,YENİ 4 EYLÜL STADI - SİVAS,ABDULKADİR BİTİGEN,8.03.2019 - 20:30
1221,https://www.tff.org/Default.aspx?pageId=29&macId=194734,TRABZONSPOR A.Ş.,2,AKHİSARSPOR,1,ŞENOL GÜNEŞ SPOR KOMPLEKSİ - TRABZON - TRABZON MER,YAŞAR KEMAL UĞURLU,9.03.2019 - 16:00
1219,https://www.tff.org/Default.aspx?pageId=29&macId=194732,MEDİPOL BAŞAKŞEHİR FK,2,FENERBAHÇE A.Ş.,1,3.İSTANBUL BAŞAKŞEHİR FATİH TERİM - İSTANBUL - BAŞ,HÜSEYİN GÖÇEK,9.03.2019 - 19:00
1225,https://www.tff.org/Default.aspx?pageId=29&macId=194738,MKE ANKARAGÜCÜ,0,BURSASPOR,0,ERYAMAN STADYUMU - ANKARA - ETİMESGUT,SERKAN ÇINAR,9.03.2019 - 19:00
1218,https://www.tff.org/Default.aspx?pageId=29&macId=194731,AYTEMİZ ALANYASPOR,2,BÜYÜKŞEHİR BELEDİYE ERZURUMSPOR,1,BAHÇEŞEHİR OKULLARI STADYUMU - ANTALYA - ALANYA,METE KALKAVAN,10.03.2019 - 13:30
1222,https://www.tff.org/Default.aspx?pageId=29&macId=194735,GÖZTEPE A.Ş.,0,KASIMPAŞA A.Ş.,0,BORNOVA STADI - İZMİR - BORNOVA,KORAY GENÇERLER,10.03.2019 - 16:00
1224,https://www.tff.org/Default.aspx?pageId=29&macId=194737,ÇAYKUR RİZESPOR A.Ş.,3,İSTİKBAL MOBİLYA KAYSERİSPOR,0,ÇAYKUR DİDİ - RİZE,HALİS ÖZKAHYA,10.03.2019 - 16:00
1223,https://www.tff.org/Default.aspx?pageId=29&macId=194736,BEŞİKTAŞ A.Ş.,3,ATİKER KONYASPOR,2,VODAFONE PARK - İSTANBUL - BEŞİKTAŞ,ALİ PALABIYIK,10.03.2019 - 19:00
1220,https://www.tff.org/Default.aspx?pageId=29&macId=194733,GALATASARAY A.Ş.,5,ANTALYASPOR A.Ş.,0,ALİ SAMİ YEN SPOR KOMPLEKSİ TÜRK TELEKOM STADYUMU ,ARDA KARDEŞLER,11.03.2019 - 20:00
1230,https://www.tff.org/Default.aspx?pageId=29&macId=194743,FENERBAHÇE A.Ş.,2,DEMİR GRUP SİVASSPOR,1,ÜLKER STADYUMU FB ŞÜKRÜ SARACOĞLU SPOR KOMPLEKSİ -,BÜLENT YILDIRIM,15.03.2019 - 20:30
1231,https://www.tff.org/Default.aspx?pageId=29&macId=194744,ATİKER KONYASPOR,0,ÇAYKUR RİZESPOR A.Ş.,2,KONYA BÜYÜKŞEHİR BELEDİYE STADYUMU - KONYA,CÜNEYT ÇAKIR,16.03.2019 - 13:34
1227,https://www.tff.org/Default.aspx?pageId=29&macId=194740,AKHİSARSPOR,2,KASIMPAŞA A.Ş.,3,SPOR TOTO AKHİSAR STADYUMU - MANİSA - AKHİSAR,HALİS ÖZKAHYA,16.03.2019 - 16:00
1232,https://www.tff.org/Default.aspx?pageId=29&macId=194745,BÜYÜKŞEHİR BELEDİYE ERZURUMSPOR,0,TRABZONSPOR A.Ş.,1,ERZURUM KAZIM KARABEKİR - ERZURUM,ALİ PALABIYIK,16.03.2019 - 16:00
1233,https://www.tff.org/Default.aspx?pageId=29&macId=194746,ANTALYASPOR A.Ş.,3,AYTEMİZ ALANYASPOR,0,ANTALYA STADYUMU - ANTALYA,ZORBAY KÜÇÜK,16.03.2019 - 19:00
1234,https://www.tff.org/Default.aspx?pageId=29&macId=194747,BEŞİKTAŞ A.Ş.,1,GÖZTEPE A.Ş.,0,VODAFONE PARK - İSTANBUL - BEŞİKTAŞ,SERKAN ÇINAR,16.03.2019 - 19:00
1229,https://www.tff.org/Default.aspx?pageId=29&macId=194742,EVKUR YENİ MALATYASPOR,3,MKE ANKARAGÜCÜ,1,YENİ MALATYA STADYUMU - MALATYA - MALATYA MERKEZ,ÖZGÜR YANKAYA,17.03.2019 - 13:30
1226,https://www.tff.org/Default.aspx?pageId=29&macId=194739,İSTİKBAL MOBİLYA KAYSERİSPOR,1,MEDİPOL BAŞAKŞEHİR FK,1,BÜYÜKŞEHİR BELEDİYESİ KADİR HAS - KAYSERİ,YAŞAR KEMAL UĞURLU,17.03.2019 - 16:00
1228,https://www.tff.org/Default.aspx?pageId=29&macId=194741,BURSASPOR,2,GALATASARAY A.Ş.,3,BURSA BÜYÜKŞEHİR BELEDİYE STADYUMU - BURSA,SUAT ARSLANBOĞA,17.03.2019 - 19:00
1238,https://www.tff.org/Default.aspx?pageId=29&macId=194751,TRABZONSPOR A.Ş.,4,ANTALYASPOR A.Ş.,1,ŞENOL GÜNEŞ SPOR KOMPLEKSİ - TRABZON - TRABZON MER,HÜSEYİN GÖÇEK,5.04.2019 - 20:30
1235,https://www.tff.org/Default.aspx?pageId=29&macId=194748,DEMİR GRUP SİVASSPOR,1,İSTİKBAL MOBİLYA KAYSERİSPOR,3,YENİ 4 EYLÜL STADI - SİVAS,KORAY GENÇERLER,6.04.2019 - 16:00
1236,https://www.tff.org/Default.aspx?pageId=29&macId=194749,AYTEMİZ ALANYASPOR,1,BURSASPOR,0,BAHÇEŞEHİR OKULLARI STADYUMU - ANTALYA - ALANYA,HALİL UMUT MELER,6.04.2019 - 16:00
1237,https://www.tff.org/Default.aspx?pageId=29&macId=194750,GALATASARAY A.Ş.,3,EVKUR YENİ MALATYASPOR,0,ALİ SAMİ YEN SPOR KOMPLEKSİ TÜRK TELEKOM STADYUMU ,YAŞAR KEMAL UĞURLU,6.04.2019 - 19:00
1239,https://www.tff.org/Default.aspx?pageId=29&macId=194752,KASIMPAŞA A.Ş.,2,BÜYÜKŞEHİR BELEDİYE ERZURUMSPOR,1,RECEP TAYYİP ERDOĞAN STADYUMU - İSTANBUL,ZORBAY KÜÇÜK,7.04.2019 - 13:30
1240,https://www.tff.org/Default.aspx?pageId=29&macId=194753,GÖZTEPE A.Ş.,0,AKHİSARSPOR,1,BORNOVA STADI - İZMİR - BORNOVA,BÜLENT YILDIRIM,7.04.2019 - 16:00
1243,https://www.tff.org/Default.aspx?pageId=29&macId=194756,MKE ANKARAGÜCÜ,1,FENERBAHÇE A.Ş.,1,ERYAMAN STADYUMU - ANKARA - ETİMESGUT,METE KALKAVAN,7.04.2019 - 16:00
1242,https://www.tff.org/Default.aspx?pageId=29&macId=194755,MEDİPOL BAŞAKŞEHİR FK,2,ATİKER KONYASPOR,0,3.İSTANBUL BAŞAKŞEHİR FATİH TERİM - İSTANBUL - BAŞ,SERKAN ÇINAR,7.04.2019 - 19:00
1241,https://www.tff.org/Default.aspx?pageId=29&macId=194754,ÇAYKUR RİZESPOR A.Ş.,2,BEŞİKTAŞ A.Ş.,7,ÇAYKUR DİDİ - RİZE,ARDA KARDEŞLER,8.04.2019 - 20:00
1245,https://www.tff.org/Default.aspx?pageId=29&macId=194758,BURSASPOR,0,TRABZONSPOR A.Ş.,1,BURSA BÜYÜKŞEHİR BELEDİYE STADYUMU - BURSA,BÜLENT YILDIRIM,12.04.2019 - 20:30
1246,https://www.tff.org/Default.aspx?pageId=29&macId=194759,ÇAYKUR RİZESPOR A.Ş.,1,GÖZTEPE A.Ş.,0,ÇAYKUR DİDİ - RİZE,YAŞAR KEMAL UĞURLU,13.04.2019 - 16:00
1248,https://www.tff.org/Default.aspx?pageId=29&macId=194761,ATİKER KONYASPOR,1,DEMİR GRUP SİVASSPOR,1,KONYA BÜYÜKŞEHİR BELEDİYE STADYUMU - KONYA,ZORBAY KÜÇÜK,13.04.2019 - 16:00
1249,https://www.tff.org/Default.aspx?pageId=29&macId=194762,BEŞİKTAŞ A.Ş.,2,MEDİPOL BAŞAKŞEHİR FK,1,VODAFONE PARK - İSTANBUL - BEŞİKTAŞ,CÜNEYT ÇAKIR,13.04.2019 - 19:00
1247,https://www.tff.org/Default.aspx?pageId=29&macId=194760,İSTİKBAL MOBİLYA KAYSERİSPOR,0,MKE ANKARAGÜCÜ,2,BÜYÜKŞEHİR BELEDİYESİ KADİR HAS - KAYSERİ,HALİS ÖZKAHYA,14.04.2019 - 13:30
1244,https://www.tff.org/Default.aspx?pageId=29&macId=194757,ANTALYASPOR A.Ş.,1,KASIMPAŞA A.Ş.,0,ANTALYA STADYUMU - ANTALYA,ABDULKADİR BİTİGEN,14.04.2019 - 16:00
1251,https://www.tff.org/Default.aspx?pageId=29&macId=194764,EVKUR YENİ MALATYASPOR,1,AYTEMİZ ALANYASPOR,1,YENİ MALATYA STADYUMU - MALATYA - MALATYA MERKEZ,SERKAN ÇINAR,14.04.2019 - 16:00
1252,https://www.tff.org/Default.aspx?pageId=29&macId=194765,FENERBAHÇE A.Ş.,1,GALATASARAY A.Ş.,1,ÜLKER STADYUMU FB ŞÜKRÜ SARACOĞLU SPOR KOMPLEKSİ -,ALİ PALABIYIK,14.04.2019 - 19:00
1250,https://www.tff.org/Default.aspx?pageId=29&macId=194763,BÜYÜKŞEHİR BELEDİYE ERZURUMSPOR,2,AKHİSARSPOR,1,ERZURUM KAZIM KARABEKİR - ERZURUM,SUAT ARSLANBOĞA,15.04.2019 - 20:00
1255,https://www.tff.org/Default.aspx?pageId=29&macId=194768,KASIMPAŞA A.Ş.,1,BURSASPOR,1,RECEP TAYYİP ERDOĞAN STADYUMU - İSTANBUL,YAŞAR KEMAL UĞURLU,19.04.2019 - 20:30
1256,https://www.tff.org/Default.aspx?pageId=29&macId=194769,TRABZONSPOR A.Ş.,2,EVKUR YENİ MALATYASPOR,1,ŞENOL GÜNEŞ SPOR KOMPLEKSİ - TRABZON - TRABZON MER,ZORBAY KÜÇÜK,20.04.2019 - 16:00
1257,https://www.tff.org/Default.aspx?pageId=29&macId=194770,AKHİSARSPOR,1,ANTALYASPOR A.Ş.,2,SPOR TOTO AKHİSAR STADYUMU - MANİSA - AKHİSAR,BÜLENT YILDIRIM,20.04.2019 - 16:00
1254,https://www.tff.org/Default.aspx?pageId=29&macId=194767,GALATASARAY A.Ş.,3,İSTİKBAL MOBİLYA KAYSERİSPOR,1,ALİ SAMİ YEN SPOR KOMPLEKSİ TÜRK TELEKOM STADYUMU ,ARDA KARDEŞLER,20.04.2019 - 19:00
1258,https://www.tff.org/Default.aspx?pageId=29&macId=194771,GÖZTEPE A.Ş.,0,BÜYÜKŞEHİR BELEDİYE ERZURUMSPOR,1,BORNOVA STADI - İZMİR - BORNOVA,CÜNEYT ÇAKIR,20.04.2019 - 19:00
1260,https://www.tff.org/Default.aspx?pageId=29&macId=194773,MKE ANKARAGÜCÜ,0,ATİKER KONYASPOR,0,ERYAMAN STADYUMU - ANKARA - ETİMESGUT,KORAY GENÇERLER,21.04.2019 - 13:30
1259,https://www.tff.org/Default.aspx?pageId=29&macId=194772,MEDİPOL BAŞAKŞEHİR FK,1,ÇAYKUR RİZESPOR A.Ş.,1,3.İSTANBUL BAŞAKŞEHİR FATİH TERİM - İSTANBUL - BAŞ,HÜSEYİN GÖÇEK,21.04.2019 - 16:00
1261,https://www.tff.org/Default.aspx?pageId=29&macId=194774,AYTEMİZ ALANYASPOR,1,FENERBAHÇE A.Ş.,0,BAHÇEŞEHİR OKULLARI STADYUMU - ANTALYA - ALANYA,SUAT ARSLANBOĞA,21.04.2019 - 19:00
1253,https://www.tff.org/Default.aspx?pageId=29&macId=194766,DEMİR GRUP SİVASSPOR,1,BEŞİKTAŞ A.Ş.,2,YENİ 4 EYLÜL STADI - SİVAS,METE KALKAVAN,22.04.2019 - 20:00
1270,https://www.tff.org/Default.aspx?pageId=29&macId=194783,MEDİPOL BAŞAKŞEHİR FK,0,GÖZTEPE A.Ş.,2,3.İSTANBUL BAŞAKŞEHİR FATİH TERİM - İSTANBUL - BAŞ,SUAT ARSLANBOĞA,26.04.2019 - 20:30
1265,https://www.tff.org/Default.aspx?pageId=29&macId=194778,ÇAYKUR RİZESPOR A.Ş.,0,DEMİR GRUP SİVASSPOR,0,ÇAYKUR DİDİ - RİZE,HALİS ÖZKAHYA,27.04.2019 - 16:00
1266,https://www.tff.org/Default.aspx?pageId=29&macId=194779,ANTALYASPOR A.Ş.,1,BÜYÜKŞEHİR BELEDİYE ERZURUMSPOR,1,ANTALYA STADYUMU - ANTALYA,FIRAT AYDINUS,27.04.2019 - 16:00
1263,https://www.tff.org/Default.aspx?pageId=29&macId=194776,FENERBAHÇE A.Ş.,1,TRABZONSPOR A.Ş.,1,ÜLKER STADYUMU FB ŞÜKRÜ SARACOĞLU SPOR KOMPLEKSİ -,CÜNEYT ÇAKIR,27.04.2019 - 19:00
1264,https://www.tff.org/Default.aspx?pageId=29&macId=194777,İSTİKBAL MOBİLYA KAYSERİSPOR,1,AYTEMİZ ALANYASPOR,1,BÜYÜKŞEHİR BELEDİYESİ KADİR HAS - KAYSERİ,KORAY GENÇERLER,28.04.2019 - 16:00
1267,https://www.tff.org/Default.aspx?pageId=29&macId=194780,BURSASPOR,0,AKHİSARSPOR,0,BURSA BÜYÜKŞEHİR BELEDİYE STADYUMU - BURSA,SERKAN ÇINAR,28.04.2019 - 16:00
1262,https://www.tff.org/Default.aspx?pageId=29&macId=194775,BEŞİKTAŞ A.Ş.,4,MKE ANKARAGÜCÜ,1,VODAFONE PARK - İSTANBUL - BEŞİKTAŞ,HALİL UMUT MELER,28.04.2019 - 19:00
1268,https://www.tff.org/Default.aspx?pageId=29&macId=194781,EVKUR YENİ MALATYASPOR,2,KASIMPAŞA A.Ş.,1,YENİ MALATYA STADYUMU - MALATYA - MALATYA MERKEZ,SERKAN TOKAT,29.04.2019 - 20:00
1269,https://www.tff.org/Default.aspx?pageId=29&macId=194782,ATİKER KONYASPOR,0,GALATASARAY A.Ş.,0,KONYA BÜYÜKŞEHİR BELEDİYE STADYUMU - KONYA,METE KALKAVAN,29.04.2019 - 20:00
1271,https://www.tff.org/Default.aspx?pageId=29&macId=194784,DEMİR GRUP SİVASSPOR,0,MEDİPOL BAŞAKŞEHİR FK,0,YENİ 4 EYLÜL STADI - SİVAS,HALİL UMUT MELER,3.05.2019 - 20:30
1272,https://www.tff.org/Default.aspx?pageId=29&macId=194785,MKE ANKARAGÜCÜ,2,ÇAYKUR RİZESPOR A.Ş.,2,ERYAMAN STADYUMU - ANKARA - ETİMESGUT,SUAT ARSLANBOĞA,4.05.2019 - 16:00
1273,https://www.tff.org/Default.aspx?pageId=29&macId=194786,BÜYÜKŞEHİR BELEDİYE ERZURUMSPOR,2,BURSASPOR,0,ERZURUM KAZIM KARABEKİR - ERZURUM,CÜNEYT ÇAKIR,4.05.2019 - 16:00
1279,https://www.tff.org/Default.aspx?pageId=29&macId=194792,KASIMPAŞA A.Ş.,1,FENERBAHÇE A.Ş.,3,RECEP TAYYİP ERDOĞAN STADYUMU - İSTANBUL,HALİS ÖZKAHYA,4.05.2019 - 19:00
1274,https://www.tff.org/Default.aspx?pageId=29&macId=194787,AKHİSARSPOR,0,EVKUR YENİ MALATYASPOR,2,SPOR TOTO AKHİSAR STADYUMU - MANİSA - AKHİSAR,HÜSEYİN GÖÇEK,5.05.2019 - 16:00
1275,https://www.tff.org/Default.aspx?pageId=29&macId=194788,GÖZTEPE A.Ş.,4,ANTALYASPOR A.Ş.,1,BORNOVA STADI - İZMİR - BORNOVA,METE KALKAVAN,5.05.2019 - 16:00
1276,https://www.tff.org/Default.aspx?pageId=29&macId=194789,GALATASARAY A.Ş.,2,BEŞİKTAŞ A.Ş.,0,ALİ SAMİ YEN SPOR KOMPLEKSİ TÜRK TELEKOM STADYUMU ,BÜLENT YILDIRIM,5.05.2019 - 19:00
1277,https://www.tff.org/Default.aspx?pageId=29&macId=194790,AYTEMİZ ALANYASPOR,2,ATİKER KONYASPOR,4,BAHÇEŞEHİR OKULLARI STADYUMU - ANTALYA - ALANYA,ALPER ULUSOY,6.05.2019 - 20:30
1278,https://www.tff.org/Default.aspx?pageId=29&macId=194791,TRABZONSPOR A.Ş.,4,İSTİKBAL MOBİLYA KAYSERİSPOR,2,ŞENOL GÜNEŞ SPOR KOMPLEKSİ - TRABZON - TRABZON MER,FIRAT AYDINUS,6.05.2019 - 20:30
1288,https://www.tff.org/Default.aspx?pageId=29&macId=194801,ANTALYASPOR A.Ş.,0,BURSASPOR,1,ANTALYA STADYUMU - ANTALYA,HÜSEYİN GÖÇEK,10.05.2019 - 20:30
1287,https://www.tff.org/Default.aspx?pageId=29&macId=194800,ÇAYKUR RİZESPOR A.Ş.,2,GALATASARAY A.Ş.,3,ÇAYKUR DİDİ - RİZE,SERKAN ÇINAR,11.05.2019 - 16:00
1281,https://www.tff.org/Default.aspx?pageId=29&macId=194794,FENERBAHÇE A.Ş.,2,AKHİSARSPOR,1,ÜLKER STADYUMU FB ŞÜKRÜ SARACOĞLU SPOR KOMPLEKSİ -,ABDULKADİR BİTİGEN,11.05.2019 - 19:00
1283,https://www.tff.org/Default.aspx?pageId=29&macId=194796,GÖZTEPE A.Ş.,3,DEMİR GRUP SİVASSPOR,3,BORNOVA STADI - İZMİR - BORNOVA,ALİ PALABIYIK,11.05.2019 - 19:00
1285,https://www.tff.org/Default.aspx?pageId=29&macId=194798,İSTİKBAL MOBİLYA KAYSERİSPOR,2,KASIMPAŞA A.Ş.,1,BÜYÜKŞEHİR BELEDİYESİ KADİR HAS - KAYSERİ,MUSTAFA ÖĞRETMENOĞLU,12.05.2019 - 16:00
1286,https://www.tff.org/Default.aspx?pageId=29&macId=194799,ATİKER KONYASPOR,2,TRABZONSPOR A.Ş.,2,KONYA BÜYÜKŞEHİR BELEDİYE STADYUMU - KONYA,HALİS ÖZKAHYA,12.05.2019 - 16:00
1280,https://www.tff.org/Default.aspx?pageId=29&macId=194793,MEDİPOL BAŞAKŞEHİR FK,2,MKE ANKARAGÜCÜ,1,3.İSTANBUL BAŞAKŞEHİR FATİH TERİM - İSTANBUL - BAŞ,FIRAT AYDINUS,12.05.2019 - 19:00
1284,https://www.tff.org/Default.aspx?pageId=29&macId=194797,EVKUR YENİ MALATYASPOR,3,BÜYÜKŞEHİR BELEDİYE ERZURUMSPOR,1,YENİ MALATYA STADYUMU - MALATYA - MALATYA MERKEZ,YAŞAR KEMAL UĞURLU,12.05.2019 - 19:00
1282,https://www.tff.org/Default.aspx?pageId=29&macId=194795,BEŞİKTAŞ A.Ş.,2,AYTEMİZ ALANYASPOR,1,VODAFONE PARK - İSTANBUL - BEŞİKTAŞ,CÜNEYT ÇAKIR,13.05.2019 - 20:00
1296,https://www.tff.org/Default.aspx?pageId=29&macId=194809,KASIMPAŞA A.Ş.,1,ATİKER KONYASPOR,1,RECEP TAYYİP ERDOĞAN STADYUMU - İSTANBUL,KORAY GENÇERLER,17.05.2019 - 20:30
1292,https://www.tff.org/Default.aspx?pageId=29&macId=194805,ANTALYASPOR A.Ş.,3,EVKUR YENİ MALATYASPOR,0,ANTALYA STADYUMU - ANTALYA,ARDA KARDEŞLER,18.05.2019 - 19:00
1295,https://www.tff.org/Default.aspx?pageId=29&macId=194808,TRABZONSPOR A.Ş.,2,BEŞİKTAŞ A.Ş.,1,ŞENOL GÜNEŞ SPOR KOMPLEKSİ - TRABZON - TRABZON MER,FIRAT AYDINUS,18.05.2019 - 19:00
1290,https://www.tff.org/Default.aspx?pageId=29&macId=194803,AKHİSARSPOR,2,İSTİKBAL MOBİLYA KAYSERİSPOR,2,SPOR TOTO AKHİSAR STADYUMU - MANİSA - AKHİSAR,TUGAY KAAN NUMANOĞLU,19.05.2019 - 16:00
1291,https://www.tff.org/Default.aspx?pageId=29&macId=194804,BURSASPOR,0,GÖZTEPE A.Ş.,0,BURSA BÜYÜKŞEHİR BELEDİYE STADYUMU - BURSA,METE KALKAVAN,19.05.2019 - 16:00
1289,https://www.tff.org/Default.aspx?pageId=29&macId=194802,AYTEMİZ ALANYASPOR,1,ÇAYKUR RİZESPOR A.Ş.,1,BAHÇEŞEHİR OKULLARI STADYUMU - ANTALYA - ALANYA,ZORBAY KÜÇÜK,19.05.2019 - 19:00
1294,https://www.tff.org/Default.aspx?pageId=29&macId=194807,GALATASARAY A.Ş.,2,MEDİPOL BAŞAKŞEHİR FK,1,ALİ SAMİ YEN SPOR KOMPLEKSİ TÜRK TELEKOM STADYUMU ,CÜNEYT ÇAKIR,19.05.2019 - 19:00
1293,https://www.tff.org/Default.aspx?pageId=29&macId=194806,MKE ANKARAGÜCÜ,3,DEMİR GRUP SİVASSPOR,1,ERYAMAN STADYUMU - ANKARA - ETİMESGUT,HÜSEYİN GÖÇEK,20.05.2019 - 20:00
1297,https://www.tff.org/Default.aspx?pageId=29&macId=194810,BÜYÜKŞEHİR BELEDİYE ERZURUMSPOR,0,FENERBAHÇE A.Ş.,1,ERZURUM KAZIM KARABEKİR - ERZURUM,SUAT ARSLANBOĞA,20.05.2019 - 20:00
1305,https://www.tff.org/Default.aspx?pageId=29&macId=194818,MEDİPOL BAŞAKŞEHİR FK,1,AYTEMİZ ALANYASPOR,1,3.İSTANBUL BAŞAKŞEHİR FATİH TERİM - İSTANBUL - BAŞ,BAHATTİN ŞİMŞEK,24.05.2019 - 18:00
1299,https://www.tff.org/Default.aspx?pageId=29&macId=194812,BEŞİKTAŞ A.Ş.,3,KASIMPAŞA A.Ş.,2,VODAFONE PARK - İSTANBUL - BEŞİKTAŞ,METE KALKAVAN,24.05.2019 - 21:00
1300,https://www.tff.org/Default.aspx?pageId=29&macId=194813,DEMİR GRUP SİVASSPOR,4,GALATASARAY A.Ş.,3,YENİ 4 EYLÜL STADI - SİVAS,ZORBAY KÜÇÜK,24.05.2019 - 21:00
1304,https://www.tff.org/Default.aspx?pageId=29&macId=194817,ÇAYKUR RİZESPOR A.Ş.,2,TRABZONSPOR A.Ş.,3,ÇAYKUR DİDİ - RİZE,YAŞAR KEMAL UĞURLU,24.05.2019 - 21:00
1303,https://www.tff.org/Default.aspx?pageId=29&macId=194816,ATİKER KONYASPOR,0,AKHİSARSPOR,0,KONYA BÜYÜKŞEHİR BELEDİYE STADYUMU - KONYA,ALİ ŞANSALAN,25.05.2019 - 19:00
1298,https://www.tff.org/Default.aspx?pageId=29&macId=194811,GÖZTEPE A.Ş.,2,MKE ANKARAGÜCÜ,1,BORNOVA STADI - İZMİR - BORNOVA,CÜNEYT ÇAKIR,26.05.2019 - 19:00
1301,https://www.tff.org/Default.aspx?pageId=29&macId=194814,FENERBAHÇE A.Ş.,3,ANTALYASPOR A.Ş.,1,ÜLKER STADYUMU FB ŞÜKRÜ SARACOĞLU SPOR KOMPLEKSİ -,HALİS ÖZKAHYA,26.05.2019 - 19:00
1302,https://www.tff.org/Default.aspx?pageId=29&macId=194815,İSTİKBAL MOBİLYA KAYSERİSPOR,0,BÜYÜKŞEHİR BELEDİYE ERZURUMSPOR,2,BÜYÜKŞEHİR BELEDİYESİ KADİR HAS - KAYSERİ,FIRAT AYDINUS,26.05.2019 - 19:00
1306,https://www.tff.org/Default.aspx?pageId=29&macId=194819,EVKUR YENİ MALATYASPOR,1,BURSASPOR,2,YENİ MALATYA STADYUMU - MALATYA - MALATYA MERKEZ,ALİ PALABIYIK,26.05.2019 - 19:00
