Takim_adi,Oynadigi_mac_sayisi,Galibiyet_sayisi,Beraberlik_sayisi,Maglubiyet_sayisi,Attigi_gol_sayisi,Yedigi_gol_sayisi,Averaj,Puan
GALATASARAY A.Ş,34,20,9,5,72,36,36,69
MEDİPOL BAŞAKŞEHİR FK,34,19,10,5,49,22,27,67
BEŞİKTAŞ A.Ş,34,19,8,7,72,46,26,65
TRABZONSPOR A.Ş,34,18,9,7,64,46,18,63
EVKUR YENİ MALATYASPOR,34,13,8,13,47,46,1,47
FENERBAHÇE A.Ş,34,11,13,10,44,44,0,46
ANTALYASPOR A.Ş,34,13,6,15,39,55,-16,45
ATİKER KONYASPOR,34,9,17,8,40,38,2,44
AYTEMİZ ALANYASPOR,34,12,8,14,37,43,-6,44
İSTİKBAL MOBİLYA KAYSERİSPOR,34,10,11,13,35,50,-15,41
ÇAYKUR RİZESPOR A.Ş,34,9,14,11,48,50,-2,41
DEMİR GRUP SİVASSPOR,34,10,11,13,49,54,-5,41
MKE ANKARAGÜCÜ,34,11,7,16,38,53,-15,40
KASIMPAŞA A.Ş,34,11,6,17,53,62,-9,39
GÖZTEPE A.Ş,34,11,5,18,37,42,-5,38
BURSASPOR,34,7,16,11,28,37,-9,37
BÜYÜKŞEHİR BELEDİYE ERZURUMSPOR,34,8,11,15,36,43,-7,35
AKHİSARSPOR,34,6,9,19,33,54,-21,27
